Date,META_Price,TESLA_Price,MICROSOFT_Price,ORACLE_Price
2015-05-12,77.46,16.32,47.35,43.57
2015-05-13,78.44,16.21,47.62,43.79
2015-05-14,81.37,16.27,48.72,44.38
2015-05-15,80.42,16.59,48.3,44.15
2015-05-18,80.88,16.58,48.01,44.24
2015-05-19,80.63,16.48,47.58,44.32
2015-05-20,80.55,16.29,47.58,44.29
2015-05-21,80.48,16.37,47.42,44.28
2015-05-22,80.54,16.52,46.9,43.93
2015-05-26,79.33,16.5,46.59,43.33
2015-05-27,80.55,16.5,47.61,44.14
2015-05-28,80.14,16.76,47.45,43.86
2015-05-29,79.19,16.72,46.86,43.49
2015-06-01,80.29,16.63,47.23,43.79
2015-06-02,80.44,16.56,46.92,43.7
2015-06-03,82.44,16.6,46.85,43.97
2015-06-04,82.05,16.39,46.36,43.77
2015-06-05,82.14,16.61,46.14,43.81
2015-06-08,80.67,17.09,45.73,43.1
2015-06-09,80.67,17.07,45.65,43.07
2015-06-10,82.16,16.71,46.61,43.94
2015-06-11,81.83,16.76,46.44,44.28
2015-06-12,81.53,16.71,45.97,44.34
2015-06-15,80.71,16.69,45.48,43.72
2015-06-16,81.06,16.87,45.83,44.64
2015-06-17,81.79,17.36,45.97,44.91
2015-06-18,82.91,17.46,46.72,42.74
2015-06-19,82.51,17.5,46.1,41.59
2015-06-22,84.74,17.32,46.23,41.49
2015-06-23,87.88,17.84,45.91,41.71
2015-06-24,88.86,17.68,45.63,41.2
2015-06-25,87.98,17.92,45.65,41.06
2015-06-26,88.01,17.81,45.26,40.99
2015-06-29,85.8,17.47,44.37,40.42
2015-06-30,85.77,17.88,44.15,40.3
2015-07-01,86.91,17.94,44.45,40.24
2015-07-02,87.28,18.67,44.4,40.36
2015-07-06,87.55,18.65,44.39,40.15
2015-07-07,87.22,17.86,44.3,40.16
2015-07-08,85.65,17.0,44.24,39.77
2015-07-09,85.88,17.19,44.52,40.18
2015-07-10,87.95,17.28,44.61,40.36
2015-07-13,90.1,17.48,45.54,40.8
2015-07-14,89.68,17.71,45.62,40.78
2015-07-15,89.76,17.54,45.76,40.79
2015-07-16,90.85,17.78,46.66,40.96
2015-07-17,94.97,18.31,46.62,40.4
2015-07-20,97.91,18.82,46.92,39.93
2015-07-21,98.39,17.78,47.28,39.57
2015-07-22,97.04,17.86,45.54,39.42
2015-07-23,95.44,17.81,46.11,39.0
2015-07-24,96.95,17.69,45.94,39.0
2015-07-27,94.17,16.87,45.35,38.51
2015-07-28,95.29,17.65,45.34,39.28
2015-07-29,96.99,17.59,46.29,39.79
2015-07-30,95.21,17.79,46.88,39.65
2015-07-31,94.01,17.74,46.7,39.94
2015-08-03,94.14,17.33,46.81,39.71
2015-08-04,94.06,17.75,47.54,39.66
2015-08-05,96.44,18.01,47.58,39.64
2015-08-06,95.12,16.41,46.62,39.32
2015-08-07,94.3,16.17,46.74,39.56
2015-08-10,94.15,16.08,47.33,39.89
2015-08-11,93.62,15.82,46.41,39.17
2015-08-12,94.19,15.88,46.74,39.28
2015-08-13,93.43,16.17,46.73,39.31
2015-08-14,94.42,16.21,47.0,39.41
2015-08-17,93.93,17.0,47.32,39.72
2015-08-18,95.17,17.38,47.27,39.83
2015-08-19,95.31,17.02,46.61,39.53
2015-08-20,90.56,16.15,45.66,38.63
2015-08-21,86.06,15.38,43.07,37.55
2015-08-24,82.09,14.59,41.68,36.08
2015-08-25,83.0,14.67,40.47,35.45
2015-08-26,87.19,14.99,42.71,36.91
2015-08-27,89.73,16.2,43.9,36.82
2015-08-28,91.01,16.57,43.93,37.46
2015-08-31,89.43,16.6,43.52,37.09
2015-09-01,87.23,15.91,41.82,36.01
2015-09-02,89.89,16.51,43.36,36.75
2015-09-03,88.15,16.37,43.5,36.9
2015-09-04,88.26,16.13,42.61,36.27
2015-09-08,89.53,16.54,43.89,37.68
2015-09-09,90.44,16.59,43.07,37.09
2015-09-10,91.98,16.57,43.29,37.61
2015-09-11,92.05,16.68,43.48,37.92
2015-09-14,92.31,16.88,43.04,37.56
2015-09-15,92.9,16.9,43.98,37.99
2015-09-16,93.45,17.48,44.3,38.27
2015-09-17,94.34,17.47,44.25,36.74
2015-09-18,94.4,17.37,43.48,36.38
2015-09-21,95.55,17.61,44.11,36.83
2015-09-22,92.96,17.4,43.9,36.19
2015-09-23,93.97,17.4,43.87,35.99
2015-09-24,94.41,17.54,43.91,36.06
2015-09-25,92.77,17.13,43.94,36.05
2015-09-28,89.21,16.56,43.29,35.44
2015-09-29,86.67,16.44,43.44,35.51
2015-09-30,89.9,16.56,44.26,36.12
2015-10-01,90.95,15.99,44.61,36.24
2015-10-02,92.07,16.5,45.57,36.89
2015-10-05,94.01,16.41,46.63,37.59
2015-10-06,92.8,16.1,46.75,37.73
2015-10-07,92.4,15.46,46.8,37.66
2015-10-08,92.47,15.11,47.45,37.89
2015-10-09,93.24,14.71,47.11,38.1
2015-10-12,94.26,14.37,47.0,38.04
2015-10-13,94.12,14.62,46.89,37.82
2015-10-14,94.07,14.46,46.68,37.26
2015-10-15,95.96,14.75,47.01,37.55
2015-10-16,97.54,15.13,47.51,37.37
2015-10-19,98.47,15.21,47.62,36.87
2015-10-20,97.0,14.2,47.77,36.86
2015-10-21,97.11,14.01,47.2,36.62
2015-10-22,99.67,14.11,48.03,37.79
2015-10-23,102.19,13.94,52.87,38.07
2015-10-26,103.77,14.35,54.25,38.37
2015-10-27,103.7,14.02,53.69,38.34
2015-10-28,104.2,14.2,53.98,38.88
2015-10-29,104.88,14.11,53.36,38.86
2015-10-30,101.97,13.8,52.64,38.84
2015-11-02,103.31,14.25,53.24,39.75
2015-11-03,102.58,13.89,54.15,40.2
2015-11-04,103.94,15.44,54.4,40.48
2015-11-05,108.76,15.45,54.38,40.35
2015-11-06,107.09,15.49,54.92,40.62
2015-11-09,106.49,15.02,54.16,40.1
2015-11-10,107.91,14.43,53.51,39.92
2015-11-11,109.01,14.61,53.65,39.04
2015-11-12,108.02,14.2,53.32,38.63
2015-11-13,103.95,13.81,52.84,37.3
2015-11-16,104.04,14.29,53.77,38.12
2015-11-17,105.13,14.27,52.97,38.13
2015-11-18,107.77,14.74,53.85,38.7
2015-11-19,106.26,14.79,53.94,39.02
2015-11-20,107.32,14.67,54.19,39.34
2015-11-23,106.95,14.52,54.19,39.14
2015-11-24,105.74,14.55,54.25,39.46
2015-11-25,105.41,15.31,53.69,39.26
2015-11-27,105.45,15.44,53.93,39.18
2015-11-30,104.24,15.35,54.35,38.97
2015-12-01,107.12,15.81,55.22,39.23
2015-12-02,106.07,15.47,55.21,38.7
2015-12-03,104.38,15.51,54.2,37.81
2015-12-04,106.18,15.36,55.91,39.16
2015-12-07,105.61,15.41,55.81,38.82
2015-12-08,106.49,15.11,55.79,38.73
2015-12-09,104.6,14.97,54.98,38.58
2015-12-10,105.42,15.14,55.27,38.19
2015-12-11,102.12,14.47,54.06,37.21
2015-12-14,104.66,14.57,55.14,37.65
2015-12-15,104.55,14.74,55.2,38.21
2015-12-16,106.79,15.63,56.13,38.91
2015-12-17,106.22,15.56,55.7,36.93
2015-12-18,104.04,15.36,54.13,36.35
2015-12-21,104.77,15.5,54.83,36.42
2015-12-22,105.51,15.33,55.35,36.59
2015-12-23,104.63,15.31,55.82,36.93
2015-12-24,105.02,15.37,55.67,37.01
2015-12-28,105.93,15.26,55.95,36.79
2015-12-29,107.26,15.81,56.55,37.04
2015-12-30,106.22,15.87,56.31,36.92
2015-12-31,104.66,16.0,55.48,36.53
2016-01-04,102.22,14.89,54.8,35.75
2016-01-05,102.73,14.9,55.05,35.64
2016-01-06,102.97,14.6,54.05,35.82
2016-01-07,97.92,14.38,52.17,35.04
2016-01-08,97.33,14.07,52.33,34.65
2016-01-11,97.51,13.86,52.3,34.94
2016-01-12,99.37,14.0,52.78,35.37
2016-01-13,95.44,13.35,51.64,34.08
2016-01-14,98.37,13.75,53.11,34.79
2016-01-15,94.97,13.67,50.99,34.12
2016-01-19,95.26,13.65,50.56,34.55
2016-01-20,94.35,13.25,50.79,33.94
2016-01-21,94.16,13.33,50.48,34.12
2016-01-22,97.94,13.5,52.29,34.8
2016-01-25,97.01,13.09,51.79,34.34
2016-01-26,97.34,12.9,52.17,35.23
2016-01-27,94.45,12.54,51.22,34.91
2016-01-28,109.11,12.65,52.05,35.33
2016-01-29,112.21,12.75,55.09,36.31
2016-02-01,115.09,13.13,54.71,36.32
2016-02-02,114.61,12.19,53.0,35.35
2016-02-03,112.69,11.57,52.16,35.69
2016-02-04,110.49,11.69,52.0,36.45
2016-02-05,104.07,10.84,50.16,35.7
2016-02-08,99.75,9.87,49.41,35.61
2016-02-09,99.54,9.88,49.28,35.08
2016-02-10,101.0,9.58,49.71,35.2
2016-02-11,101.91,10.03,49.69,34.84
2016-02-12,102.01,10.07,50.5,35.54
2016-02-16,101.61,10.34,51.09,35.7
2016-02-17,105.2,11.25,52.42,36.63
2016-02-18,103.47,11.12,52.19,36.63
2016-02-19,104.57,11.11,51.82,36.78
2016-02-22,107.16,11.85,52.65,37.11
2016-02-23,105.46,11.81,51.18,36.55
2016-02-24,106.88,11.93,51.36,36.63
2016-02-25,108.07,12.5,52.1,37.29
2016-02-26,107.92,12.69,51.3,36.96
2016-02-27,107.95,,51.33,
2016-02-29,106.92,12.8,50.88,36.78
2016-03-01,109.82,12.42,52.58,37.99
2016-03-02,109.95,12.56,52.95,37.76
2016-03-03,109.58,13.05,52.35,37.89
2016-03-04,108.39,13.4,52.03,37.89
2016-03-07,105.73,13.69,51.03,38.36
2016-03-08,105.93,13.51,51.65,38.15
2016-03-09,107.51,13.91,52.84,38.48
2016-03-10,107.32,13.68,52.05,38.05
2016-03-11,109.41,13.83,53.07,38.95
2016-03-14,109.89,14.34,53.17,38.7
2016-03-15,110.67,14.56,53.59,38.74
2016-03-16,112.18,14.8,54.35,40.22
2016-03-17,111.02,15.09,54.66,40.61
2016-03-18,111.45,15.52,53.49,41.48
2016-03-21,111.85,15.89,53.86,41.61
2016-03-22,112.25,15.62,54.07,41.38
2016-03-23,112.54,14.84,53.97,40.75
2016-03-24,113.05,15.18,54.21,40.97
2016-03-28,113.69,15.35,53.54,40.62
2016-03-29,116.14,15.34,54.71,40.7
2016-03-30,114.7,15.13,55.05,40.97
2016-03-31,114.1,15.32,55.23,40.91
2016-04-01,116.06,15.84,55.57,41.16
2016-04-04,112.55,16.47,55.43,41.07
2016-04-05,112.22,17.03,54.56,40.53
2016-04-06,113.71,17.69,55.12,40.75
2016-04-07,113.64,17.15,54.46,39.97
2016-04-08,110.63,16.67,54.42,40.36
2016-04-11,108.99,16.66,54.31,40.39
2016-04-12,110.61,16.52,54.65,40.42
2016-04-13,110.51,16.97,55.35,41.31
2016-04-14,110.84,16.79,55.36,41.24
2016-04-15,109.64,16.97,55.65,41.02
2016-04-18,110.45,16.93,56.46,41.24
2016-04-19,112.29,16.49,56.39,41.06
2016-04-20,112.42,16.66,55.59,41.1
2016-04-21,113.44,16.55,55.78,40.99
2016-04-22,110.56,16.92,51.78,40.7
2016-04-25,110.1,16.79,52.11,40.78
2016-04-26,108.76,16.92,51.44,40.65
2016-04-27,108.89,16.76,50.94,40.85
2016-04-28,116.73,16.51,49.9,40.33
2016-04-29,117.58,16.05,49.87,39.86
2016-05-02,118.57,16.12,50.61,40.3
2016-05-03,117.43,15.49,49.78,39.68
2016-05-04,118.06,14.84,49.87,39.29
2016-05-05,117.81,14.1,49.94,39.23
2016-05-06,119.49,14.33,50.39,39.41
2016-05-09,119.24,13.93,50.07,39.36
2016-05-10,120.5,13.91,51.02,40.02
2016-05-11,119.52,13.93,51.05,39.65
2016-05-12,120.28,13.82,51.51,39.82
2016-05-13,119.81,13.84,51.08,39.61
2016-05-16,118.67,13.89,51.83,39.97
2016-05-17,117.35,13.64,50.51,39.6
2016-05-18,117.65,14.08,50.81,39.47
2016-05-19,116.81,14.35,50.32,38.84
2016-05-20,117.35,14.69,50.62,39.41
2016-05-23,115.97,14.41,50.03,39.18
2016-05-24,117.7,14.53,51.59,39.9
2016-05-25,117.89,14.64,52.12,40.13
2016-05-26,119.47,15.01,51.89,39.95
2016-05-27,119.38,14.87,52.32,40.07
2016-05-31,118.81,14.88,53.0,40.2
2016-06-01,118.78,14.64,52.85,40.26
2016-06-02,118.93,14.6,52.48,38.66
2016-06-03,118.47,14.6,51.79,39.1
2016-06-06,118.79,14.71,52.13,39.44
2016-06-07,117.76,15.49,52.1,39.13
2016-06-08,118.39,15.7,52.04,39.28
2016-06-09,118.56,15.29,51.62,39.05
2016-06-10,116.62,14.59,51.48,38.74
2016-06-13,113.95,14.52,50.14,38.62
2016-06-14,114.94,14.33,49.83,38.83
2016-06-15,114.6,14.51,49.69,38.44
2016-06-16,114.39,14.53,50.39,38.64
2016-06-17,113.02,14.36,50.13,39.68
2016-06-20,113.37,14.65,50.07,39.73
2016-06-21,114.38,14.64,51.19,39.99
2016-06-22,113.91,13.11,50.99,40.01
2016-06-23,115.08,13.09,51.91,40.83
2016-06-24,112.08,12.88,49.83,39.23
2016-06-27,108.97,13.24,48.43,38.48
2016-06-28,112.7,13.45,49.44,39.13
2016-06-29,114.16,14.01,50.54,40.55
2016-06-30,114.28,14.15,51.17,40.93
2016-07-01,114.19,14.43,51.16,40.86
2016-07-05,114.0,14.27,51.17,40.4
2016-07-06,116.7,14.3,51.38,40.53
2016-07-07,115.85,14.4,51.38,40.53
2016-07-08,117.24,14.45,52.3,40.87
2016-07-11,117.87,14.99,52.59,40.78
2016-07-12,117.93,14.98,53.21,41.42
2016-07-13,116.78,14.84,53.51,41.46
2016-07-14,117.29,14.77,53.74,41.67
2016-07-15,116.86,14.69,53.7,41.77
2016-07-18,119.37,15.08,53.96,41.64
2016-07-19,120.61,15.02,53.09,41.08
2016-07-20,121.92,15.22,55.91,41.25
2016-07-21,120.61,14.7,55.8,41.07
2016-07-22,121.0,14.82,56.57,41.08
2016-07-25,121.63,15.33,56.73,41.16
2016-07-26,121.22,15.3,56.76,40.94
2016-07-27,123.34,15.23,56.19,40.93
2016-07-28,125.0,15.37,56.21,41.19
2016-07-29,123.94,15.65,56.68,41.04
2016-08-01,124.31,15.33,56.58,41.15
2016-08-02,123.09,15.15,56.58,40.71
2016-08-03,122.51,15.05,56.97,40.71
2016-08-04,124.36,15.37,57.39,40.9
2016-08-05,125.15,15.34,57.96,41.13
2016-08-08,125.26,15.08,58.06,41.16
2016-08-09,125.06,15.27,58.2,41.1
2016-08-10,124.88,15.04,58.02,41.09
2016-08-11,124.9,14.99,58.3,41.28
2016-08-12,124.88,15.04,57.94,41.09
2016-08-15,123.9,15.04,58.12,41.39
2016-08-16,123.3,14.91,57.44,41.32
2016-08-17,124.37,14.88,57.56,41.21
2016-08-18,123.91,14.9,57.6,41.14
2016-08-19,123.56,15.0,57.62,41.32
2016-08-22,124.15,14.86,57.67,41.22
2016-08-23,124.37,14.99,57.89,41.5
2016-08-24,123.48,14.84,57.95,41.07
2016-08-25,123.89,14.73,58.17,41.1
2016-08-26,124.96,14.67,58.03,41.26
2016-08-29,126.54,14.35,58.1,41.31
2016-08-30,125.84,14.09,57.89,41.31
2016-08-31,126.12,14.13,57.46,41.22
2016-09-01,126.17,13.38,57.59,41.16
2016-09-02,126.51,13.19,57.67,41.25
2016-09-06,129.73,13.52,57.61,41.25
2016-09-07,131.05,13.45,57.66,41.25
2016-09-08,130.27,13.16,57.43,40.72
2016-09-09,127.1,12.96,56.21,40.03
2016-09-12,128.69,13.22,57.05,40.68
2016-09-13,127.21,13.07,56.53,40.18
2016-09-14,127.77,13.09,56.26,40.25
2016-09-15,128.35,13.36,57.19,40.86
2016-09-16,129.07,13.69,57.25,38.92
2016-09-19,128.65,13.76,56.93,39.23
2016-09-20,128.64,13.64,56.81,39.07
2016-09-21,129.94,13.68,57.76,39.51
2016-09-22,130.08,13.76,57.82,39.51
2016-09-23,127.96,13.83,57.43,39.23
2016-09-26,127.31,13.93,56.9,39.03
2016-09-27,128.69,13.72,57.95,39.3
2016-09-28,129.23,13.75,58.03,39.44
2016-09-29,128.09,13.38,57.4,39.12
2016-09-30,128.27,13.6,57.6,39.28
2016-10-03,128.77,14.25,57.42,38.99
2016-10-04,128.19,14.09,57.24,38.87
2016-10-05,128.47,13.9,57.64,39.15
2016-10-06,128.74,13.4,57.74,38.87
2016-10-07,128.99,13.11,57.8,38.71
2016-10-10,130.24,13.4,58.04,38.62
2016-10-11,128.88,13.34,57.19,38.01
2016-10-12,129.05,13.43,57.11,38.05
2016-10-13,127.82,13.35,56.92,38.03
2016-10-14,127.88,13.1,57.42,38.41
2016-10-17,127.54,12.93,57.22,38.29
2016-10-18,128.57,13.27,57.66,38.42
2016-10-19,130.11,13.57,57.53,38.35
2016-10-20,130.0,13.27,57.25,38.09
2016-10-21,132.07,13.34,59.66,37.93
2016-10-24,133.28,13.52,61.0,38.27
2016-10-25,132.29,13.49,60.99,38.36
2016-10-26,131.04,13.48,60.63,38.31
2016-10-27,129.69,13.6,60.1,38.22
2016-10-28,131.29,13.33,59.87,38.17
2016-10-31,130.99,13.18,59.92,38.42
2016-11-01,129.5,12.72,59.8,38.46
2016-11-02,127.17,12.53,59.43,38.03
2016-11-03,120.0,12.49,59.21,38.31
2016-11-04,120.75,12.7,58.71,38.28
2016-11-07,122.15,12.88,60.42,39.09
2016-11-08,124.22,13.0,60.47,39.13
2016-11-09,123.18,12.67,60.17,39.55
2016-11-10,120.8,12.36,58.7,39.58
2016-11-11,119.02,12.57,59.02,39.45
2016-11-14,115.08,12.1,58.12,39.3
2016-11-15,117.2,12.25,58.87,39.17
2016-11-16,116.34,12.26,59.65,39.7
2016-11-17,117.79,12.58,60.64,40.25
2016-11-18,117.02,12.33,60.35,39.86
2016-11-21,121.77,12.3,60.86,39.89
2016-11-22,121.47,12.74,61.12,40.09
2016-11-23,120.84,12.88,60.4,40.1
2016-11-25,120.38,13.11,60.53,40.27
2016-11-28,120.41,13.07,60.61,40.3
2016-11-29,120.87,12.64,61.09,40.55
2016-11-30,118.42,12.63,60.26,40.19
2016-12-01,115.1,12.13,59.2,38.7
2016-12-02,115.4,12.1,59.25,38.5
2016-12-05,117.43,12.45,60.22,38.97
2016-12-06,117.31,12.39,59.95,39.47
2016-12-07,117.95,12.88,61.37,40.32
2016-12-08,118.91,12.82,61.01,40.35
2016-12-09,119.68,12.81,61.97,40.52
2016-12-12,117.77,12.83,62.17,40.51
2016-12-13,120.31,13.21,62.98,40.76
2016-12-14,120.21,13.25,62.68,40.88
2016-12-15,120.57,13.17,62.58,40.86
2016-12-16,119.87,13.5,62.3,39.1
2016-12-19,119.24,13.52,63.62,38.9
2016-12-20,119.09,13.92,63.54,39.0
2016-12-21,119.04,13.85,63.54,38.83
2016-12-22,117.4,13.9,63.55,38.96
2016-12-23,117.27,14.22,63.24,38.78
2016-12-27,118.01,14.64,63.28,38.82
2016-12-28,116.92,14.65,62.99,38.68
2016-12-29,116.35,14.31,62.9,38.69
2016-12-30,115.05,14.25,62.14,38.45
2017-01-03,116.86,14.47,62.58,38.55
2017-01-04,118.69,15.13,62.3,38.74
2017-01-05,120.67,15.12,62.3,38.64
2017-01-06,123.41,15.27,62.84,38.45
2017-01-09,124.9,15.42,62.64,39.03
2017-01-10,124.35,15.32,62.62,38.66
2017-01-11,126.09,15.32,63.19,39.11
2017-01-12,126.62,15.31,62.61,39.2
2017-01-13,128.34,15.85,62.7,39.26
2017-01-17,127.87,15.71,62.53,39.1
2017-01-18,127.92,15.89,62.5,39.19
2017-01-19,127.55,16.25,62.3,39.21
2017-01-20,127.04,16.32,62.74,39.87
2017-01-23,128.93,16.59,62.96,39.68
2017-01-24,129.37,16.97,63.52,40.1
2017-01-25,131.48,16.96,63.68,40.15
2017-01-26,132.78,16.83,64.27,40.13
2017-01-27,132.18,16.86,65.78,40.23
2017-01-30,130.98,16.71,65.13,40.23
2017-01-31,130.32,16.8,64.65,40.11
2017-02-01,133.23,16.62,63.58,39.84
2017-02-02,130.84,16.77,63.17,39.98
2017-02-03,130.98,16.76,63.68,40.43
2017-02-06,132.06,17.18,63.64,40.1
2017-02-07,131.84,17.17,63.43,40.07
2017-02-08,134.2,17.47,63.34,40.02
2017-02-09,134.14,17.95,64.06,40.23
2017-02-10,134.19,17.95,64.0,40.79
2017-02-13,134.05,18.71,64.72,41.09
2017-02-14,133.85,18.73,64.57,41.1
2017-02-15,133.44,18.65,64.53,41.41
2017-02-16,133.84,17.93,64.52,41.59
2017-02-17,133.53,18.15,64.62,42.06
2017-02-21,133.72,18.49,64.49,42.27
2017-02-22,136.12,18.23,64.36,42.51
2017-02-23,135.36,17.07,64.62,42.96
2017-02-24,135.44,17.13,64.62,43.17
2017-02-27,136.41,16.42,64.23,42.7
2017-02-28,135.54,16.67,63.98,42.59
2017-03-01,137.42,16.67,64.94,42.92
2017-03-02,136.76,16.7,64.01,42.89
2017-03-03,137.17,16.77,64.25,42.69
2017-03-06,137.42,16.75,64.27,42.57
2017-03-07,137.3,16.57,64.4,42.6
2017-03-08,137.72,16.46,64.99,42.61
2017-03-09,138.24,16.33,64.73,42.44
2017-03-10,138.79,16.25,64.93,42.68
2017-03-13,139.6,16.41,64.71,42.58
2017-03-14,139.32,17.2,64.41,42.79
2017-03-15,139.72,17.05,64.75,43.05
2017-03-16,139.99,17.47,64.64,45.73
2017-03-17,139.84,17.43,64.87,45.66
2017-03-20,139.94,17.46,64.93,45.23
2017-03-21,138.51,16.71,64.21,44.84
2017-03-22,139.59,17.0,65.03,44.79
2017-03-23,139.53,16.99,64.87,44.95
2017-03-24,140.34,17.54,64.98,44.65
2017-03-27,140.32,18.01,65.1,44.84
2017-03-28,141.76,18.5,65.29,44.69
2017-03-29,142.65,18.49,65.47,44.52
2017-03-30,142.41,18.53,65.71,44.68
2017-03-31,142.05,18.55,65.86,44.61
2017-04-03,142.28,19.9,65.55,44.61
2017-04-04,141.73,20.25,65.73,44.59
2017-04-05,141.85,19.67,65.56,44.49
2017-04-06,141.17,19.91,65.73,44.18
2017-04-07,140.78,20.17,65.68,44.29
2017-04-10,141.04,20.83,65.53,44.0
2017-04-11,139.92,20.58,65.48,44.17
2017-04-12,139.58,19.79,65.23,44.18
2017-04-13,139.39,20.27,64.95,44.0
2017-04-17,141.42,20.1,65.48,44.29
2017-04-18,140.96,20.02,65.39,44.52
2017-04-19,142.27,20.37,65.04,44.19
2017-04-20,143.8,20.17,65.5,44.53
2017-04-21,143.68,20.37,66.4,44.43
2017-04-24,145.47,20.54,67.53,44.84
2017-04-25,146.49,20.92,67.92,44.72
2017-04-26,146.56,20.68,67.83,44.69
2017-04-27,147.7,20.58,68.27,44.77
2017-04-28,150.25,20.94,68.46,44.96
2017-05-01,152.46,21.52,69.41,45.05
2017-05-02,152.78,21.26,69.3,45.13
2017-05-03,151.8,20.73,69.08,44.89
2017-05-04,150.85,19.7,68.81,45.47
2017-05-05,150.24,20.56,69.0,45.58
2017-05-08,151.06,20.48,68.94,45.56
2017-05-09,150.48,21.42,69.04,45.48
2017-05-10,150.29,21.68,69.31,45.53
2017-05-11,150.04,21.54,68.46,45.16
2017-05-12,150.33,21.65,68.38,45.08
2017-05-15,150.19,21.06,68.43,45.32
2017-05-16,149.78,21.13,69.41,45.29
2017-05-17,144.85,20.41,67.48,44.23
2017-05-18,147.66,20.87,67.71,44.17
2017-05-19,148.06,20.72,67.69,44.31
2017-05-22,148.24,20.69,68.45,44.63
2017-05-23,148.07,20.26,68.68,44.56
2017-05-24,150.04,20.68,68.77,44.83
2017-05-25,151.96,21.12,69.62,45.2
2017-05-26,152.13,21.68,69.96,45.26
2017-05-30,152.38,22.34,70.41,45.42
2017-05-31,151.46,22.73,69.84,45.39
2017-06-01,151.53,22.69,70.1,45.79
2017-06-02,153.61,22.66,71.76,45.66
2017-06-05,153.63,23.15,72.28,45.92
2017-06-06,152.81,23.52,72.52,45.61
2017-06-07,153.12,23.98,72.39,45.4
2017-06-08,154.71,24.67,71.95,45.42
2017-06-09,149.6,23.82,70.32,45.03
2017-06-12,148.44,23.93,69.78,44.85
2017-06-13,150.68,25.06,70.65,44.98
2017-06-14,150.25,25.38,70.27,44.81
2017-06-15,149.8,25.02,69.9,44.68
2017-06-16,150.64,24.76,70.0,45.09
2017-06-19,152.87,24.65,70.87,45.73
2017-06-20,152.25,24.82,69.91,45.84
2017-06-21,153.91,25.09,70.27,46.33
2017-06-22,153.4,25.51,70.26,50.3
2017-06-23,155.07,25.56,71.21,50.95
2017-06-26,153.59,25.17,70.53,50.86
2017-06-27,150.58,24.16,69.21,50.75
2017-06-28,153.24,24.75,69.8,50.87
2017-06-29,151.04,24.05,68.49,50.2
2017-06-30,150.98,24.11,68.93,50.14
2017-07-03,148.43,23.51,68.17,49.36
2017-07-05,150.34,21.81,69.08,49.46
2017-07-06,148.82,20.59,68.57,48.85
2017-07-07,151.44,20.88,69.46,49.35
2017-07-10,153.5,21.07,69.98,49.62
2017-07-11,155.27,21.81,69.99,49.88
2017-07-12,158.9,21.97,71.15,50.45
2017-07-13,159.26,21.56,71.77,50.35
2017-07-14,159.97,21.85,72.78,50.56
2017-07-17,159.73,21.3,73.35,50.44
2017-07-18,162.86,21.88,73.3,50.45
2017-07-19,164.14,21.68,73.86,51.0
2017-07-20,164.53,21.99,74.22,51.13
2017-07-21,164.43,21.89,73.79,50.8
2017-07-24,166.0,22.83,73.6,50.76
2017-07-25,165.28,22.64,74.19,51.17
2017-07-26,165.61,22.92,74.05,51.17
2017-07-27,170.44,22.3,73.16,50.45
2017-07-28,172.45,22.34,73.04,50.3
2017-07-31,169.25,21.56,72.7,49.93
2017-08-01,169.86,21.3,72.58,50.16
2017-08-02,169.3,21.73,72.26,49.77
2017-08-03,168.59,23.14,72.15,50.23
2017-08-04,169.62,23.79,72.68,49.96
2017-08-07,171.98,23.68,72.4,49.64
2017-08-08,171.23,24.35,72.79,49.1
2017-08-09,171.18,24.24,72.47,49.06
2017-08-10,167.4,23.69,71.41,48.1
2017-08-11,168.08,23.86,72.5,48.24
2017-08-14,170.75,24.25,73.59,48.85
2017-08-15,171.0,24.16,73.22,48.83
2017-08-16,170.0,24.19,73.65,49.25
2017-08-17,166.91,23.46,72.4,48.55
2017-08-18,167.41,23.16,72.49,48.62
2017-08-21,167.78,22.52,72.15,48.9
2017-08-22,169.64,22.76,73.16,49.26
2017-08-23,168.71,23.52,72.72,49.07
2017-08-24,167.74,23.53,72.69,49.19
2017-08-25,166.32,23.2,72.82,49.24
2017-08-28,167.24,23.04,72.83,49.24
2017-08-29,168.05,23.16,73.05,49.45
2017-08-30,169.92,23.55,74.01,49.8
2017-08-31,171.97,23.73,74.77,50.33
2017-09-01,172.02,23.69,73.94,50.62
2017-09-05,170.72,23.31,73.61,50.93
2017-09-06,172.09,22.97,73.4,51.01
2017-09-07,173.21,23.37,74.34,51.73
2017-09-08,170.95,22.89,73.98,51.58
2017-09-11,173.51,24.25,74.76,52.49
2017-09-12,172.96,24.18,74.68,52.77
2017-09-13,173.05,24.42,75.21,52.8
2017-09-14,170.96,25.18,74.77,52.79
2017-09-15,171.64,25.32,75.31,48.74
2017-09-18,170.01,25.67,75.16,48.33
2017-09-19,172.52,25.01,75.44,48.04
2017-09-20,172.17,24.93,74.94,47.97
2017-09-21,171.11,24.43,74.21,47.97
2017-09-22,170.54,23.41,74.41,48.16
2017-09-25,162.87,23.0,73.26,47.97
2017-09-26,164.21,23.02,73.26,47.92
2017-09-27,167.68,22.73,73.85,48.16
2017-09-28,168.73,22.64,73.87,48.08
2017-09-29,170.87,22.74,74.49,48.35
2017-10-02,169.47,22.77,74.61,48.8
2017-10-03,169.96,23.21,74.26,48.69
2017-10-04,168.42,23.67,74.69,48.9
2017-10-05,171.24,23.69,75.97,48.91
2017-10-06,172.23,23.79,76.0,48.4
2017-10-09,172.5,22.86,76.29,48.36
2017-10-10,171.59,23.71,76.29,48.21
2017-10-11,172.74,23.64,76.42,48.28
2017-10-12,172.55,23.71,77.12,48.23
2017-10-13,173.74,23.7,77.49,48.61
2017-10-16,174.52,23.37,77.65,48.86
2017-10-17,176.11,23.72,77.59,49.19
2017-10-18,176.03,23.98,77.61,49.58
2017-10-19,174.56,23.45,77.91,49.35
2017-10-20,174.98,23.01,78.81,49.25
2017-10-23,171.27,22.47,78.83,49.31
2017-10-24,171.8,22.49,78.86,49.98
2017-10-25,170.6,21.72,78.63,49.7
2017-10-26,170.63,21.74,78.76,50.15
2017-10-27,177.88,21.39,83.81,50.88
2017-10-30,179.87,21.34,83.89,50.68
2017-10-31,180.06,22.1,83.18,50.9
2017-11-01,182.66,21.41,83.18,50.64
2017-11-02,178.92,19.95,84.05,50.28
2017-11-03,178.92,20.41,84.14,50.18
2017-11-06,180.17,20.19,84.47,50.4
2017-11-07,180.25,20.4,84.27,50.49
2017-11-08,179.56,20.29,84.56,50.54
2017-11-09,179.3,20.2,84.09,49.24
2017-11-10,178.46,20.2,83.87,49.32
2017-11-13,178.77,21.03,83.93,49.4
2017-11-14,178.07,20.58,84.05,49.2
2017-11-15,177.95,20.75,82.98,48.82
2017-11-16,179.59,20.83,83.2,49.2
2017-11-17,179.0,21.0,82.4,48.94
2017-11-20,178.74,20.58,82.53,49.02
2017-11-21,181.86,21.19,83.72,48.63
2017-11-22,180.87,20.84,83.11,48.58
2017-11-24,182.78,21.04,83.26,49.01
2017-11-27,183.03,21.12,83.87,48.88
2017-11-28,182.42,21.17,84.88,49.01
2017-11-29,175.13,20.5,83.34,48.52
2017-11-30,177.18,20.59,84.17,49.06
2017-12-01,175.1,20.44,84.26,49.61
2017-12-04,171.47,20.35,81.08,48.4
2017-12-05,172.83,20.25,81.59,47.99
2017-12-06,176.06,20.88,82.78,48.42
2017-12-07,180.14,20.75,82.49,48.52
2017-12-08,179.0,21.01,84.16,49.6
2017-12-11,179.04,21.93,85.23,50.47
2017-12-12,176.96,22.74,85.58,50.39
2017-12-13,178.3,22.6,85.35,50.05
2017-12-14,178.39,22.53,84.69,50.19
2017-12-15,180.18,22.9,86.85,48.3
2017-12-18,180.82,22.59,86.38,47.71
2017-12-19,179.51,22.07,85.83,47.82
2017-12-20,177.89,21.93,85.52,47.9
2017-12-21,177.45,22.11,85.5,47.28
2017-12-22,177.2,21.68,85.51,47.36
2017-12-26,175.99,21.15,85.4,47.43
2017-12-27,177.62,20.78,85.71,47.38
2017-12-28,177.92,21.02,85.72,47.52
2017-12-29,176.46,20.76,85.54,47.28
2018-01-02,181.42,21.37,85.95,46.63
2018-01-03,184.67,21.15,86.35,47.71
2018-01-04,184.33,20.97,87.11,48.18
2018-01-05,186.85,21.11,88.19,48.47
2018-01-08,188.28,22.43,88.28,48.98
2018-01-09,187.87,22.25,88.22,49.06
2018-01-10,187.84,22.32,87.82,48.8
2018-01-11,187.77,22.53,88.08,48.95
2018-01-12,179.37,22.41,89.6,49.51
2018-01-16,178.39,22.67,88.35,49.59
2018-01-17,177.6,23.14,90.14,50.27
2018-01-18,179.8,22.97,90.1,50.23
2018-01-19,181.29,23.33,90.0,50.58
2018-01-22,185.37,23.44,91.61,50.71
2018-01-23,189.35,23.52,91.9,51.12
2018-01-24,186.55,23.06,91.82,51.45
2018-01-25,187.48,22.51,92.33,51.6
2018-01-26,190.0,22.86,94.06,52.75
2018-01-29,185.98,23.3,93.92,51.94
2018-01-30,187.12,23.05,92.74,50.96
2018-01-31,186.89,23.62,95.01,51.59
2018-02-01,193.09,23.28,94.26,51.63
2018-02-02,190.28,22.92,91.78,50.13
2018-02-05,181.26,22.21,88.0,48.09
2018-02-06,185.31,22.26,91.33,49.4
2018-02-07,180.18,23.0,89.61,48.87
2018-02-08,171.58,21.02,85.01,46.84
2018-02-09,176.11,20.69,88.18,47.73
2018-02-12,176.41,21.05,89.13,48.15
2018-02-13,173.15,21.58,89.83,48.49
2018-02-14,179.52,21.49,90.81,49.45
2018-02-15,179.96,22.27,92.66,50.64
2018-02-16,177.36,22.37,92.0,50.71
2018-02-20,176.01,22.32,92.72,49.89
2018-02-21,177.91,22.22,91.49,49.43
2018-02-22,178.99,23.08,91.73,49.59
2018-02-23,183.29,23.47,94.06,50.5
2018-02-26,184.93,23.83,95.42,51.17
2018-02-27,181.46,23.4,94.2,50.73
2018-02-28,178.32,22.87,93.77,50.67
2018-03-01,175.94,22.06,92.85,49.71
2018-03-02,176.62,22.34,93.05,50.32
2018-03-05,180.4,22.22,93.64,51.29
2018-03-06,179.78,21.88,93.32,51.5
2018-03-07,183.71,22.15,93.86,51.72
2018-03-08,182.34,21.94,94.43,52.13
2018-03-09,185.23,21.81,96.54,52.97
2018-03-12,184.76,23.03,96.77,52.9
2018-03-13,181.88,22.79,94.41,52.58
2018-03-14,184.19,21.78,93.85,52.32
2018-03-15,183.86,21.71,94.18,52.37
2018-03-16,185.09,21.42,94.6,52.27
2018-03-19,172.56,20.9,92.89,51.95
2018-03-20,168.15,20.7,93.13,47.05
2018-03-21,169.39,21.1,92.48,47.02
2018-03-22,164.89,20.61,89.79,45.89
2018-03-23,159.39,20.1,87.18,44.79
2018-03-26,160.06,20.28,93.78,46.48
2018-03-27,152.22,18.61,89.47,45.38
2018-03-28,153.03,17.19,89.39,44.98
2018-03-29,159.79,17.74,91.27,45.75
2018-04-02,155.39,16.83,88.52,45.01
2018-04-03,156.11,17.84,89.71,44.89
2018-04-04,155.1,19.13,92.33,45.51
2018-04-05,159.34,20.38,92.38,45.96
2018-04-06,157.2,19.95,90.23,44.83
2018-04-09,157.93,19.31,90.77,44.9
2018-04-10,165.04,20.31,92.88,45.82
2018-04-11,166.32,20.06,91.86,45.61
2018-04-12,163.87,19.61,93.58,45.88
2018-04-13,164.52,20.02,93.08,46.08
2018-04-16,164.83,19.41,94.17,46.05
2018-04-17,168.66,19.18,96.07,46.66
2018-04-18,166.36,19.56,96.44,47.08
2018-04-19,168.1,20.01,96.11,46.82
2018-04-20,166.28,19.35,95.0,46.23
2018-04-23,165.84,18.89,95.35,45.8
2018-04-24,159.69,18.9,93.12,45.53
2018-04-25,159.69,18.71,92.31,45.75
2018-04-26,174.16,19.03,94.26,45.96
2018-04-27,173.59,19.6,95.82,45.53
2018-04-30,172.0,19.59,93.52,45.67
2018-05-01,173.86,19.99,95.0,45.95
2018-05-02,176.07,20.08,93.51,45.51
2018-05-03,174.02,18.96,94.07,45.06
2018-05-04,176.61,19.61,95.16,45.71
2018-05-07,177.97,20.18,96.22,46.07
2018-05-08,178.92,20.13,95.81,45.94
2018-05-09,182.66,20.46,96.94,46.58
2018-05-10,185.53,20.33,97.91,46.93
2018-05-11,186.99,20.07,97.7,46.82
2018-05-14,186.64,19.46,98.03,46.82
2018-05-15,184.32,18.95,97.32,46.81
2018-05-16,183.2,19.1,97.15,46.73
2018-05-17,183.76,18.97,96.18,46.54
2018-05-18,182.68,18.45,96.36,46.32
2018-05-21,184.49,18.97,97.6,47.21
2018-05-22,183.8,18.33,97.5,46.37
2018-05-23,186.9,18.6,98.66,46.9
2018-05-24,185.93,18.52,98.31,46.46
2018-05-25,184.92,18.59,98.36,47.0
2018-05-29,185.74,18.92,98.01,46.26
2018-05-30,187.67,19.45,98.95,47.05
2018-05-31,191.78,18.98,98.84,46.72
2018-06-01,193.99,19.45,100.79,47.35
2018-06-04,193.28,19.78,101.67,47.32
2018-06-05,192.94,19.41,102.19,47.13
2018-06-06,191.34,21.3,102.49,47.75
2018-06-07,188.18,21.07,100.88,47.68
2018-06-08,189.1,21.18,101.63,48.18
2018-06-11,191.54,22.14,101.05,48.19
2018-06-12,192.4,22.85,101.31,48.45
2018-06-13,192.41,22.99,100.85,48.27
2018-06-14,196.81,23.85,101.42,45.9
2018-06-15,195.85,23.88,100.13,46.28
2018-06-18,198.31,24.72,100.86,46.52
2018-06-19,197.49,23.5,100.86,46.27
2018-06-20,202.0,24.15,101.87,42.82
2018-06-21,201.5,23.17,101.14,43.1
2018-06-22,201.74,22.24,100.41,44.1
2018-06-25,196.35,22.2,98.39,44.28
2018-06-26,199.0,22.8,99.08,44.41
2018-06-27,195.84,22.97,97.54,43.45
2018-06-28,196.23,23.33,98.63,43.84
2018-06-29,194.32,22.86,98.61,44.06
2018-07-02,197.36,22.34,100.01,44.95
2018-07-03,192.73,20.72,99.05,44.72
2018-07-05,198.45,20.61,99.76,45.41
2018-07-06,203.23,20.59,101.16,46.0
2018-07-09,204.74,21.23,101.85,46.73
2018-07-10,203.54,21.5,102.12,46.99
2018-07-11,202.54,21.26,101.98,47.64
2018-07-12,206.92,21.11,104.19,48.15
2018-07-13,207.32,21.26,105.43,48.63
2018-07-16,207.23,20.67,104.91,48.46
2018-07-17,209.99,21.51,105.95,48.9
2018-07-18,209.36,21.59,105.12,48.64
2018-07-19,208.09,21.35,104.4,48.44
2018-07-20,209.94,20.91,106.27,48.52
2018-07-23,210.91,20.21,107.97,48.67
2018-07-24,214.67,19.83,107.66,48.67
2018-07-25,217.5,20.58,110.83,48.95
2018-07-26,176.26,20.44,109.62,48.87
2018-07-27,174.89,19.81,107.68,48.63
2018-07-30,171.06,19.34,105.37,47.73
2018-07-31,172.58,19.88,106.08,47.68
2018-08-01,171.65,20.06,106.28,47.35
2018-08-02,176.37,23.3,107.57,47.9
2018-08-03,177.78,23.21,108.04,48.47
2018-08-06,185.69,22.8,108.13,48.67
2018-08-07,183.81,25.3,108.88,48.48
2018-08-08,185.18,24.69,109.49,48.39
2018-08-09,183.09,23.5,109.67,48.54
2018-08-10,180.26,23.7,109.0,48.32
2018-08-13,180.05,23.76,108.21,48.01
2018-08-14,181.11,23.18,109.56,48.23
2018-08-15,179.53,22.58,107.66,47.84
2018-08-16,174.7,22.36,107.64,48.1
2018-08-17,173.8,20.37,107.58,48.36
2018-08-20,172.5,20.56,106.87,48.42
2018-08-21,172.62,21.46,105.98,48.41
2018-08-22,173.64,21.44,107.06,48.8
2018-08-23,172.9,21.34,107.56,48.96
2018-08-24,174.65,21.52,108.4,49.26
2018-08-27,177.46,21.28,109.6,49.33
2018-08-28,176.26,20.79,110.26,48.64
2018-08-29,175.9,20.33,112.02,48.89
2018-08-30,177.64,20.21,111.95,48.38
2018-08-31,175.73,20.11,112.33,48.58
2018-09-04,171.16,19.26,111.71,48.58
2018-09-05,167.18,18.72,108.49,48.04
2018-09-06,162.53,18.73,108.74,47.71
2018-09-07,163.04,17.55,108.21,47.81
2018-09-10,164.18,19.03,109.38,48.86
2018-09-11,165.94,18.63,111.24,48.92
2018-09-12,162.0,19.37,111.71,49.34
2018-09-13,161.36,19.3,112.91,48.96
2018-09-14,162.32,19.68,113.37,49.25
2018-09-17,160.58,19.66,112.14,49.18
2018-09-18,160.3,19.0,113.21,49.03
2018-09-19,163.06,19.93,111.7,49.43
2018-09-20,166.02,19.89,113.57,50.43
2018-09-21,162.93,19.94,114.26,51.1
2018-09-24,165.41,19.98,114.67,51.24
2018-09-25,164.91,20.07,114.45,51.72
2018-09-26,166.95,20.64,113.98,51.63
2018-09-27,168.84,20.5,114.41,51.69
2018-09-28,164.46,17.65,114.37,51.56
2018-10-01,162.44,20.71,115.61,51.8
2018-10-02,159.33,20.07,115.15,50.23
2018-10-03,162.43,19.65,115.17,49.75
2018-10-04,158.85,18.79,112.79,49.47
2018-10-05,157.33,17.46,112.13,49.35
2018-10-08,157.25,16.7,110.85,49.36
2018-10-09,157.9,17.52,112.26,48.87
2018-10-10,151.38,17.13,106.16,47.4
2018-10-11,153.35,16.82,105.91,46.78
2018-10-12,153.74,17.25,109.57,47.38
2018-10-15,153.52,17.31,107.6,47.12
2018-10-16,158.78,18.44,111.0,48.23
2018-10-17,159.42,18.12,110.71,47.86
2018-10-18,154.92,17.59,108.5,47.38
2018-10-19,154.05,17.33,108.66,47.59
2018-10-22,154.78,17.4,109.63,47.94
2018-10-23,154.39,19.61,108.1,47.99
2018-10-24,146.04,19.23,102.32,46.76
2018-10-25,150.95,20.99,108.3,47.96
2018-10-26,145.37,22.06,106.96,47.32
2018-10-29,142.09,22.32,103.85,47.02
2018-10-30,146.22,21.99,103.73,48.57
2018-10-31,151.79,22.49,106.81,48.84
2018-11-01,151.75,22.95,105.92,48.59
2018-11-02,150.35,23.09,106.16,48.83
2018-11-05,148.68,22.76,107.51,49.02
2018-11-06,149.94,22.74,107.72,49.25
2018-11-07,151.53,23.21,111.96,50.26
2018-11-08,147.87,23.43,111.75,50.43
2018-11-09,144.96,23.37,109.57,50.61
2018-11-12,141.55,22.09,106.87,49.22
2018-11-13,142.16,22.58,106.94,49.51
2018-11-14,144.22,22.93,104.97,48.84
2018-11-15,143.85,23.23,107.28,50.63
2018-11-16,139.53,23.62,108.29,51.17
2018-11-19,131.55,23.56,104.62,49.55
2018-11-20,132.43,23.17,101.71,48.33
2018-11-21,134.82,22.55,103.11,48.62
2018-11-23,131.73,21.72,103.07,48.7
2018-11-26,136.38,23.07,106.47,48.26
2018-11-27,135.0,22.93,107.14,47.44
2018-11-28,136.76,23.19,111.12,48.19
2018-11-29,138.68,22.74,110.19,47.9
2018-11-30,140.61,23.37,110.89,48.76
2018-12-03,141.09,23.9,112.09,49.83
2018-12-04,137.93,23.98,108.52,48.75
2018-12-06,139.63,24.2,109.19,46.68
2018-12-07,137.42,23.86,104.82,46.0
2018-12-10,141.85,24.34,107.59,46.67
2018-12-11,142.08,24.45,108.59,46.46
2018-12-12,144.5,24.44,109.08,47.32
2018-12-13,145.01,25.12,109.45,47.23
2018-12-14,144.06,24.38,106.03,46.6
2018-12-17,140.19,23.23,102.89,45.73
2018-12-18,143.66,22.47,103.97,45.85
2018-12-19,133.24,22.2,103.69,46.45
2018-12-20,133.4,21.03,101.51,46.24
2018-12-21,124.95,21.32,98.23,44.0
2018-12-24,124.06,19.69,94.13,42.69
2018-12-26,134.18,21.74,100.56,44.59
2018-12-27,134.52,21.08,101.18,44.97
2018-12-28,133.2,22.26,100.39,44.82
2018-12-31,131.09,22.19,101.57,45.15
2019-01-02,135.68,20.67,101.12,45.22
2019-01-03,131.74,20.02,97.4,44.78
2019-01-04,137.95,21.18,101.93,46.71
2019-01-07,138.05,22.33,102.06,47.45
2019-01-08,142.53,22.36,102.8,47.88
2019-01-09,144.23,22.57,104.27,47.78
2019-01-10,144.2,23.0,103.6,47.82
2019-01-11,143.8,23.15,102.8,48.29
2019-01-14,145.39,22.29,102.05,48.18
2019-01-15,148.95,22.96,105.01,48.38
2019-01-16,147.54,23.07,105.38,48.06
2019-01-17,148.3,23.15,106.12,48.58
2019-01-18,150.04,20.15,107.71,49.27
2019-01-22,147.57,19.93,105.68,48.94
2019-01-23,144.3,19.17,106.71,49.24
2019-01-24,145.83,19.43,106.2,49.2
2019-01-25,149.01,19.8,107.17,49.8
2019-01-28,147.47,19.76,105.08,49.52
2019-01-29,144.19,19.83,102.94,49.61
2019-01-30,150.42,20.58,106.38,50.36
2019-01-31,166.69,20.47,104.43,50.23
2019-02-01,165.71,20.81,102.78,50.81
2019-02-04,169.25,20.86,105.74,51.03
2019-02-05,171.16,21.42,107.22,51.24
2019-02-06,170.49,21.15,106.03,51.26
2019-02-07,166.38,20.5,105.27,50.22
2019-02-08,167.33,20.39,105.67,51.03
2019-02-11,165.79,20.86,105.25,51.23
2019-02-12,165.04,20.79,106.89,51.22
2019-02-13,164.07,20.54,106.81,51.42
2019-02-14,163.95,20.25,106.9,51.48
2019-02-15,162.5,20.53,108.22,51.72
2019-02-19,162.29,20.38,108.17,52.02
2019-02-20,162.56,20.17,107.15,51.77
2019-02-21,160.04,19.42,109.41,52.11
2019-02-22,161.89,19.65,110.97,52.48
2019-02-25,164.62,19.92,111.59,52.56
2019-02-26,164.13,19.86,112.36,52.6
2019-02-27,162.81,20.98,112.17,52.38
2019-02-28,161.45,21.33,112.03,52.13
2019-03-01,162.28,19.65,112.53,52.51
2019-03-04,167.37,19.02,112.26,52.04
2019-03-05,171.26,18.44,111.7,52.36
2019-03-06,172.51,18.42,111.75,52.35
2019-03-07,169.13,18.44,110.39,52.58
2019-03-08,169.6,18.94,110.51,52.77
2019-03-11,172.07,19.39,112.83,52.66
2019-03-12,171.92,18.89,113.62,52.8
2019-03-13,173.37,19.26,114.5,53.06
2019-03-14,170.17,19.33,114.59,53.05
2019-03-15,165.98,18.36,115.91,52.94
2019-03-18,160.47,17.97,117.57,53.46
2019-03-19,161.57,17.83,117.65,54.04
2019-03-20,165.44,18.24,117.52,52.64
2019-03-21,166.08,18.27,120.22,54.04
2019-03-22,164.34,17.64,117.05,52.77
2019-03-25,166.29,17.36,117.66,52.74
2019-03-26,167.68,17.85,117.91,53.28
2019-03-27,165.87,18.32,116.77,52.81
2019-03-28,165.55,18.57,116.93,53.19
2019-03-29,166.69,18.66,117.94,53.71
2019-04-01,168.7,19.28,119.02,54.58
2019-04-02,174.2,19.06,119.19,54.15
2019-04-03,173.54,19.45,119.97,54.06
2019-04-04,176.02,17.85,119.36,53.82
2019-04-05,175.72,18.33,119.89,53.93
2019-04-08,174.93,18.21,119.93,53.72
2019-04-09,177.58,18.15,119.28,53.83
2019-04-10,177.82,18.4,120.19,53.97
2019-04-11,177.51,17.89,120.33,53.79
2019-04-12,179.1,17.85,120.95,54.5
2019-04-15,179.65,17.76,121.05,54.63
2019-04-16,178.87,18.22,120.77,54.59
2019-04-17,178.78,18.08,121.77,54.48
2019-04-18,178.28,18.22,123.37,54.52
2019-04-22,181.44,17.52,123.76,54.62
2019-04-23,183.78,17.59,125.44,54.94
2019-04-24,182.58,17.24,125.01,55.18
2019-04-25,193.26,16.51,129.15,55.01
2019-04-26,191.49,15.68,129.89,55.41
2019-04-29,194.78,16.1,129.77,55.08
2019-04-30,193.4,15.91,130.6,55.33
2019-05-01,193.03,15.6,127.88,54.88
2019-05-02,192.53,16.27,126.21,54.6
2019-05-03,195.47,17.0,128.9,54.79
2019-05-06,193.88,17.02,128.15,54.85
2019-05-07,189.77,16.47,125.52,54.0
2019-05-08,189.54,16.32,125.51,53.99
2019-05-09,188.65,16.13,125.5,54.25
2019-05-10,188.34,15.97,127.13,54.65
2019-05-13,181.54,15.13,123.35,53.43
2019-05-14,180.73,15.49,124.73,54.13
2019-05-15,186.27,15.46,126.02,54.56
2019-05-16,186.99,15.22,128.93,54.64
2019-05-17,185.3,14.07,128.07,54.5
2019-05-20,182.72,13.69,126.22,53.66
2019-05-21,184.82,13.67,126.9,54.17
2019-05-22,185.32,12.85,127.67,54.2
2019-05-23,180.87,13.03,126.18,53.08
2019-05-24,181.06,12.71,126.24,52.77
2019-05-28,184.31,12.58,126.16,51.75
2019-05-29,182.19,12.66,124.94,51.69
2019-05-30,183.01,12.55,125.73,51.72
2019-05-31,177.47,12.34,123.68,50.6
2019-06-03,164.15,11.93,119.84,50.24
2019-06-04,167.5,12.91,123.16,52.02
2019-06-05,168.17,13.11,125.83,52.1
2019-06-06,168.33,13.73,127.82,52.59
2019-06-07,173.35,13.63,131.4,53.26
2019-06-10,174.82,14.19,132.6,54.01
2019-06-11,178.1,14.47,132.1,53.94
2019-06-12,175.04,13.95,131.49,53.62
2019-06-13,177.47,14.26,132.32,53.84
2019-06-14,181.33,14.33,132.45,53.28
2019-06-17,189.01,15.0,132.85,53.13
2019-06-18,188.47,14.98,135.16,52.9
2019-06-19,187.48,15.1,135.69,52.68
2019-06-20,189.53,14.64,136.95,56.99
2019-06-21,191.14,14.79,136.97,56.12
2019-06-24,192.6,14.91,137.78,56.74
2019-06-25,188.84,14.65,133.43,56.07
2019-06-26,187.66,14.62,133.93,56.66
2019-06-27,189.5,14.86,134.15,56.77
2019-06-28,193.0,14.9,133.96,56.97
2019-07-01,193.0,15.14,135.68,58.01
2019-07-02,195.0,14.97,136.58,58.46
2019-07-03,197.2,15.66,137.46,58.86
2019-07-05,196.4,15.54,137.06,59.28
2019-07-08,195.76,15.36,136.96,59.53
2019-07-09,199.21,15.34,136.46,59.6
2019-07-10,202.73,15.93,137.85,60.15
2019-07-11,201.23,15.91,138.4,59.99
2019-07-12,204.87,16.34,138.9,59.81
2019-07-15,203.91,16.9,138.9,59.53
2019-07-16,203.84,16.83,137.08,58.61
2019-07-17,201.8,16.99,136.27,57.99
2019-07-18,200.78,16.9,136.42,58.12
2019-07-19,198.36,17.21,136.62,57.54
2019-07-22,202.32,17.05,138.43,57.6
2019-07-23,202.36,17.34,139.29,57.45
2019-07-24,204.66,17.66,140.72,58.11
2019-07-25,200.71,15.25,140.19,58.29
2019-07-26,199.75,15.2,141.34,58.5
2019-07-29,195.94,15.72,141.03,58.06
2019-07-30,197.04,16.15,140.35,57.49
2019-07-31,194.23,16.11,136.27,56.3
2019-08-01,192.73,15.59,138.06,55.88
2019-08-02,189.02,15.62,136.9,55.84
2019-08-05,181.73,15.22,132.21,53.76
2019-08-06,184.51,15.38,134.69,53.96
2019-08-07,185.15,15.56,135.28,53.34
2019-08-08,190.16,15.89,138.89,54.65
2019-08-09,187.85,15.67,137.71,53.9
2019-08-12,185.37,15.27,135.79,53.25
2019-08-13,188.45,15.67,138.6,53.97
2019-08-14,179.71,14.64,133.98,52.32
2019-08-15,182.59,14.38,133.68,52.59
2019-08-16,183.7,14.66,136.13,53.59
2019-08-19,186.17,15.12,138.41,53.87
2019-08-20,183.81,15.06,137.26,52.98
2019-08-21,183.55,14.72,138.79,53.24
2019-08-22,182.04,14.81,137.78,53.19
2019-08-23,177.75,14.09,133.39,51.58
2019-08-26,180.36,14.33,135.45,52.13
2019-08-27,181.3,14.27,135.74,52.39
2019-08-28,181.76,14.37,135.56,51.95
2019-08-29,185.57,14.78,138.12,52.16
2019-08-30,185.67,15.04,137.86,52.06
2019-09-03,182.39,15.0,136.04,51.89
2019-09-04,187.14,14.71,137.63,52.97
2019-09-05,190.9,15.31,140.05,53.84
2019-09-06,187.49,15.16,139.1,53.16
2019-09-09,188.76,15.45,137.52,54.54
2019-09-10,186.17,15.7,136.08,55.47
2019-09-11,188.49,16.47,136.12,56.29
2019-09-12,187.47,16.39,137.52,53.89
2019-09-13,187.19,16.35,137.32,53.75
2019-09-16,186.22,16.19,136.33,53.14
2019-09-17,188.08,16.32,137.39,52.87
2019-09-18,188.14,16.23,138.52,52.56
2019-09-19,190.14,16.44,141.07,53.37
2019-09-20,189.93,16.04,139.44,53.47
2019-09-23,186.82,16.08,139.14,54.02
2019-09-24,181.28,14.88,137.38,53.35
2019-09-25,182.8,15.25,139.36,53.84
2019-09-26,180.11,16.17,139.54,53.96
2019-09-27,177.1,16.14,137.73,54.09
2019-09-30,178.08,16.06,139.03,55.03
2019-10-01,175.81,16.31,137.07,53.8
2019-10-02,174.6,16.21,134.65,53.15
2019-10-03,179.38,15.54,136.28,53.86
2019-10-04,180.45,15.43,138.12,55.14
2019-10-07,179.68,15.85,137.12,54.8
2019-10-08,177.75,16.0,135.67,54.05
2019-10-09,179.85,16.3,138.24,54.53
2019-10-10,180.03,16.32,139.1,55.49
2019-10-11,184.19,16.53,139.68,56.89
2019-10-14,183.28,17.13,139.55,56.46
2019-10-15,188.89,17.19,141.57,56.35
2019-10-16,189.55,17.32,140.41,55.88
2019-10-17,190.39,17.46,139.69,55.06
2019-10-18,185.85,17.13,137.41,54.55
2019-10-21,189.76,16.9,138.43,55.13
2019-10-22,182.34,17.04,136.37,54.11
2019-10-23,186.15,16.98,137.24,54.13
2019-10-24,186.38,19.98,139.94,54.26
2019-10-25,187.89,21.88,140.73,54.17
2019-10-28,189.4,21.85,144.19,54.64
2019-10-29,189.31,21.08,142.83,54.8
2019-10-30,188.25,21.0,144.61,54.85
2019-10-31,191.65,20.99,143.37,54.49
2019-11-01,193.62,20.89,143.72,55.0
2019-11-04,194.72,21.16,144.55,55.45
2019-11-05,194.32,21.15,144.46,55.67
2019-11-06,191.55,21.77,144.06,55.7
2019-11-07,190.42,22.37,144.26,55.98
2019-11-08,190.84,22.48,145.96,56.49
2019-11-11,189.61,23.01,146.11,56.43
2019-11-12,194.47,23.33,147.07,56.59
2019-11-13,193.19,23.07,147.31,56.21
2019-11-14,193.15,23.29,148.06,56.09
2019-11-15,195.1,23.48,149.97,56.42
2019-11-18,197.4,23.33,150.34,56.19
2019-11-19,199.32,23.97,150.39,56.27
2019-11-20,197.51,23.48,149.62,56.24
2019-11-21,197.93,23.66,149.48,56.23
2019-11-22,198.82,22.2,149.59,56.39
2019-11-25,199.79,22.42,151.23,56.56
2019-11-26,198.97,21.93,152.03,56.51
2019-11-27,202.0,22.09,152.32,56.61
2019-11-29,201.64,22.0,151.38,56.14
2019-12-02,199.7,22.32,149.55,55.43
2019-12-03,198.82,22.41,149.31,54.59
2019-12-04,198.71,22.2,149.85,54.41
2019-12-05,199.36,22.02,149.93,54.68
2019-12-06,201.05,22.39,151.75,54.83
2019-12-09,201.34,22.64,151.36,55.31
2019-12-10,200.87,23.26,151.13,55.82
2019-12-11,202.26,23.51,151.7,56.31
2019-12-12,196.75,23.98,153.24,56.47
2019-12-13,194.11,23.89,154.53,54.51
2019-12-16,197.92,25.43,155.53,53.99
2019-12-17,198.39,25.27,154.69,52.84
2019-12-18,202.5,26.21,154.37,53.39
2019-12-19,206.06,26.94,155.71,53.24
2019-12-20,206.3,27.04,157.41,53.6
2019-12-23,206.18,27.95,157.41,53.71
2019-12-24,205.12,28.35,157.38,53.44
2019-12-26,207.79,28.73,158.67,53.57
2019-12-27,208.1,28.69,158.96,53.46
2019-12-30,204.41,27.65,157.59,52.7
2019-12-31,205.25,27.89,157.7,52.98
2020-01-02,209.78,28.68,160.62,53.95
2020-01-03,208.67,29.53,158.62,53.76
2020-01-06,212.6,30.1,159.03,54.04
2020-01-07,213.06,31.27,157.58,54.16
2020-01-08,215.22,32.81,160.09,54.13
2020-01-09,218.3,32.09,162.09,54.38
2020-01-10,218.06,31.88,161.34,54.45
2020-01-13,221.91,34.99,163.28,54.58
2020-01-14,219.06,35.86,162.13,54.88
2020-01-15,221.15,34.57,163.18,54.76
2020-01-16,221.77,34.23,166.17,55.43
2020-01-17,222.14,34.03,167.1,55.13
2020-01-21,221.44,36.48,166.5,55.22
2020-01-22,221.32,37.97,165.7,54.72
2020-01-23,219.76,38.15,166.72,54.98
2020-01-24,217.94,37.65,165.04,54.07
2020-01-27,214.87,37.2,162.28,52.69
2020-01-28,217.79,37.79,165.46,53.46
2020-01-29,223.23,38.73,168.04,53.2
2020-01-30,209.53,42.72,172.78,53.31
2020-01-31,201.91,43.37,170.23,52.45
2020-02-03,204.19,52.0,174.38,53.09
2020-02-04,209.83,59.14,180.12,54.04
2020-02-05,210.11,48.98,179.9,54.74
2020-02-06,210.85,49.93,183.63,54.71
2020-02-07,212.33,49.87,183.89,54.72
2020-02-10,213.06,51.42,188.7,54.99
2020-02-11,207.19,51.63,184.44,55.15
2020-02-12,210.76,51.15,184.71,55.73
2020-02-13,213.14,53.6,183.71,55.31
2020-02-14,214.18,53.34,185.35,55.47
2020-02-18,217.8,57.23,187.23,55.45
2020-02-19,217.49,61.16,187.28,55.44
2020-02-20,214.58,59.96,184.42,55.51
2020-02-21,210.18,60.07,178.59,54.68
2020-02-24,200.72,55.59,170.89,52.65
2020-02-25,196.77,53.33,168.07,50.96
2020-02-26,197.2,51.92,170.17,52.05
2020-02-27,189.75,45.27,158.18,50.78
2020-02-28,192.47,44.53,162.01,49.46
2020-03-02,196.44,49.57,172.79,50.9
2020-03-03,185.89,49.7,164.51,48.85
2020-03-04,191.76,49.97,170.55,50.54
2020-03-05,185.17,48.3,166.27,48.0
2020-03-06,181.09,46.9,161.57,47.37
2020-03-09,169.5,40.53,150.62,46.01
2020-03-10,178.19,43.02,160.92,48.58
2020-03-11,170.24,42.28,153.63,44.72
2020-03-12,154.47,37.37,139.06,39.8
2020-03-13,170.28,36.44,158.83,47.93
2020-03-16,146.01,29.67,135.42,42.72
2020-03-17,149.42,28.68,146.57,46.86
2020-03-18,146.96,24.08,140.4,47.27
2020-03-19,153.13,28.51,142.71,45.07
2020-03-20,149.73,28.5,137.35,45.65
2020-03-23,148.1,28.95,135.98,44.19
2020-03-24,160.98,33.67,148.34,47.84
2020-03-25,156.21,35.95,146.92,45.94
2020-03-26,163.34,35.21,156.11,50.48
2020-03-27,156.79,34.29,149.7,49.83
2020-03-30,165.95,33.48,160.23,50.36
2020-03-31,166.8,34.93,157.71,48.33
2020-04-01,159.6,32.1,152.11,48.71
2020-04-02,158.19,30.3,155.26,49.8
2020-04-03,154.18,32.0,153.83,49.4
2020-04-06,165.55,34.42,165.27,51.49
2020-04-07,168.83,36.36,163.49,50.76
2020-04-08,174.28,36.59,165.13,52.13
2020-04-09,175.19,38.2,165.14,53.18
2020-04-13,174.79,43.4,165.51,52.97
2020-04-14,178.17,47.33,173.7,54.0
2020-04-15,176.97,48.66,171.88,53.16
2020-04-16,176.25,49.68,177.04,53.7
2020-04-17,179.24,50.26,178.6,54.62
2020-04-20,178.24,49.76,175.06,53.91
2020-04-21,170.8,45.78,167.82,51.31
2020-04-22,182.28,48.81,173.52,52.27
2020-04-23,185.13,47.04,171.42,51.97
2020-04-24,190.07,48.34,174.55,53.01
2020-04-27,187.5,53.25,174.05,53.37
2020-04-28,182.91,51.27,169.81,53.2
2020-04-29,194.19,53.37,177.43,53.88
2020-04-30,204.71,52.13,179.21,52.97
2020-05-01,202.27,46.75,174.57,51.79
2020-05-04,205.26,50.75,178.84,51.75
2020-05-05,207.07,51.21,180.76,52.05
2020-05-06,208.47,52.17,182.54,51.86
2020-05-07,211.26,52.0,183.6,52.6
2020-05-08,212.35,54.63,184.68,53.57
2020-05-11,213.18,54.09,186.74,53.53
2020-05-12,210.1,53.96,182.51,52.27
2020-05-13,205.1,52.73,179.75,51.65
2020-05-14,206.81,53.56,180.53,52.91
2020-05-15,210.88,53.28,183.16,52.92
2020-05-18,213.19,54.24,184.91,53.15
2020-05-19,216.88,53.87,183.63,52.34
2020-05-20,229.97,54.37,185.66,52.9
2020-05-21,231.39,55.17,183.43,52.22
2020-05-22,234.91,54.46,183.51,52.62
2020-05-26,232.2,54.59,181.57,52.78
2020-05-27,229.14,54.68,181.81,53.2
2020-05-28,225.46,53.72,181.4,53.62
2020-05-29,225.09,55.67,183.25,53.77
2020-06-01,231.91,59.87,182.83,53.06
2020-06-02,232.72,58.77,184.91,53.28
2020-06-03,230.16,58.86,185.36,53.49
2020-06-04,226.29,57.63,182.92,52.85
2020-06-05,230.77,59.04,187.2,53.98
2020-06-08,231.4,63.33,188.36,55.1
2020-06-09,238.67,62.71,189.8,54.18
2020-06-10,236.73,68.34,196.84,54.11
2020-06-11,224.43,64.86,186.27,51.31
2020-06-12,228.58,62.35,187.74,51.86
2020-06-15,232.5,66.06,188.94,53.25
2020-06-16,235.65,65.48,193.57,54.59
2020-06-17,235.53,66.12,194.24,51.52
2020-06-18,235.94,66.93,196.32,53.69
2020-06-19,238.79,66.73,195.15,54.4
2020-06-22,239.22,66.29,200.57,55.12
2020-06-23,242.24,66.79,201.91,55.19
2020-06-24,234.02,64.06,197.84,54.44
2020-06-25,235.68,65.73,200.34,54.53
2020-06-26,216.08,63.98,196.33,54.18
2020-06-29,220.64,67.29,198.44,54.76
2020-06-30,227.07,71.99,203.51,55.27
2020-07-01,237.55,74.64,204.7,55.49
2020-07-02,233.42,80.58,206.26,55.94
2020-07-06,240.28,91.44,210.7,56.6
2020-07-07,240.86,92.66,208.25,56.31
2020-07-08,243.58,91.06,212.83,56.66
2020-07-09,244.5,92.95,214.32,57.53
2020-07-10,245.07,102.98,213.67,57.39
2020-07-13,239.0,99.8,207.07,57.01
2020-07-14,239.73,101.12,208.35,57.2
2020-07-15,240.28,103.07,208.04,56.62
2020-07-16,240.93,100.04,203.92,55.82
2020-07-17,242.03,100.06,202.88,54.9
2020-07-20,245.42,109.53,211.6,55.4
2020-07-21,241.75,104.56,208.75,55.91
2020-07-22,239.87,106.16,211.75,56.01
2020-07-23,232.6,100.87,202.54,55.76
2020-07-24,230.71,94.47,201.3,55.65
2020-07-27,233.5,102.64,203.85,55.34
2020-07-28,230.12,98.43,202.02,55.35
2020-07-29,233.29,99.94,204.06,55.7
2020-07-30,234.5,99.17,203.9,55.25
2020-07-31,253.67,95.38,205.01,55.45
2020-08-03,251.96,99.0,216.54,55.98
2020-08-04,249.83,99.13,213.29,56.0
2020-08-05,249.12,99.0,212.94,55.5
2020-08-06,265.28,99.31,216.35,55.28
2020-08-07,268.44,96.85,212.48,55.23
2020-08-10,263.0,94.57,208.25,54.94
2020-08-11,256.13,91.63,203.38,54.27
2020-08-12,259.89,103.65,209.19,54.17
2020-08-13,261.3,108.07,208.7,54.02
2020-08-14,261.24,110.05,208.9,54.2
2020-08-17,261.16,122.38,210.28,53.99
2020-08-18,262.34,125.81,211.49,55.18
2020-08-19,262.59,125.24,209.7,56.2
2020-08-20,269.01,133.46,214.58,55.26
2020-08-21,267.01,136.67,213.02,55.19
2020-08-24,271.39,134.28,213.69,56.01
2020-08-25,280.82,134.89,216.47,56.09
2020-08-26,303.91,143.54,221.15,57.49
2020-08-27,293.22,149.25,226.58,57.18
2020-08-28,293.66,147.56,228.91,57.88
2020-08-31,293.2,166.11,225.53,57.22
2020-09-01,295.44,158.35,227.27,57.66
2020-09-02,302.5,149.12,231.65,59.03
2020-09-03,291.12,135.67,217.3,57.1
2020-09-04,282.73,139.44,214.25,55.73
2020-09-08,271.16,110.07,202.66,55.32
2020-09-09,273.72,122.09,211.29,56.95
2020-09-10,268.09,123.78,205.37,57.33
2020-09-11,266.61,124.24,204.03,57.0
2020-09-14,266.15,139.87,205.41,59.46
2020-09-15,272.42,149.92,208.78,60.94
2020-09-16,263.52,147.25,205.05,60.43
2020-09-17,254.82,141.14,202.91,60.18
2020-09-18,252.53,147.38,200.39,59.75
2020-09-21,248.15,149.8,202.54,60.82
2020-09-22,254.75,141.41,207.42,60.62
2020-09-23,249.02,126.79,200.59,58.96
2020-09-24,249.53,129.26,203.19,59.3
2020-09-25,254.82,135.78,207.82,59.8
2020-09-28,256.82,140.4,209.44,59.58
2020-09-29,261.79,139.69,207.26,59.47
2020-09-30,261.9,143.0,210.33,59.7
2020-10-01,266.63,149.39,212.46,59.68
2020-10-02,259.94,138.36,206.19,58.83
2020-10-05,264.65,141.89,210.38,59.56
2020-10-06,258.66,137.99,205.91,59.51
2020-10-07,258.12,141.77,209.83,60.59
2020-10-08,263.76,141.97,210.58,60.89
2020-10-09,264.45,144.67,215.81,61.15
2020-10-12,275.75,147.43,221.4,61.46
2020-10-13,276.14,148.88,222.86,60.97
2020-10-14,271.82,153.77,220.86,60.96
2020-10-15,266.72,149.63,219.66,60.52
2020-10-16,265.93,146.56,219.66,60.29
2020-10-19,261.4,143.61,214.22,59.62
2020-10-20,267.56,140.65,214.65,59.75
2020-10-21,278.73,140.88,214.8,59.67
2020-10-22,278.12,141.93,214.89,59.69
2020-10-23,284.79,140.21,216.23,59.9
2020-10-26,277.11,140.09,210.08,57.49
2020-10-27,283.29,141.56,213.25,57.08
2020-10-28,267.67,135.34,202.68,55.59
2020-10-29,280.83,136.94,204.72,56.02
2020-10-30,263.11,129.35,202.47,56.11
2020-11-02,261.36,133.5,202.33,56.45
2020-11-03,265.3,141.3,206.43,56.8
2020-11-04,287.38,140.33,216.39,56.49
2020-11-05,294.68,146.03,223.29,56.66
2020-11-06,293.41,143.32,223.72,56.8
2020-11-09,278.77,140.42,218.39,56.84
2020-11-10,272.43,136.79,211.01,56.67
2020-11-11,276.48,139.04,216.55,57.2
2020-11-12,275.08,137.25,215.44,56.45
2020-11-13,276.95,136.17,216.51,56.91
2020-11-16,278.96,136.03,217.23,57.15
2020-11-17,275.0,147.2,214.46,57.12
2020-11-18,271.97,162.21,211.08,56.25
2020-11-19,272.94,166.42,212.42,56.45
2020-11-20,269.7,163.2,210.39,55.7
2020-11-23,268.43,173.95,210.11,56.08
2020-11-24,276.92,185.13,213.86,57.57
2020-11-25,275.59,191.33,213.87,57.41
2020-11-27,277.81,195.25,215.23,57.76
2020-11-30,276.97,189.2,214.07,57.72
2020-12-01,286.55,194.92,216.21,58.74
2020-12-02,287.52,189.61,215.37,59.08
2020-12-03,281.85,197.79,214.24,59.27
2020-12-04,279.7,199.68,214.36,59.96
2020-12-07,285.58,213.92,214.29,59.8
2020-12-08,283.4,216.63,216.01,59.03
2020-12-09,277.92,201.49,211.8,59.73
2020-12-10,277.12,209.02,210.52,59.48
2020-12-11,273.55,203.33,213.26,60.61
2020-12-14,274.19,213.28,214.2,60.76
2020-12-15,275.55,211.08,214.13,61.86
2020-12-16,275.67,207.59,219.28,62.78
2020-12-17,274.48,218.63,219.42,63.61
2020-12-18,276.4,231.67,218.59,65.06
2020-12-21,272.79,216.62,222.59,64.48
2020-12-22,267.09,213.45,223.94,65.15
2020-12-23,268.11,215.33,221.02,65.3
2020-12-24,267.4,220.59,222.75,64.96
2020-12-28,277.0,221.23,224.96,64.87
2020-12-29,276.78,222.0,224.15,64.46
2020-12-30,271.87,231.59,221.68,64.4
2020-12-31,273.16,235.22,222.42,64.69
2021-01-04,268.94,243.26,217.69,63.75
2021-01-05,270.97,245.04,217.9,62.96
2021-01-06,263.31,251.99,212.25,62.57
2021-01-07,268.74,272.01,218.29,63.07
2021-01-08,267.57,293.34,219.62,63.38
2021-01-11,256.84,270.4,217.49,63.03
2021-01-12,251.09,283.15,214.93,62.42
2021-01-13,251.64,284.8,216.34,62.06
2021-01-14,245.64,281.67,213.02,61.6
2021-01-15,251.36,275.39,212.65,61.78
2021-01-19,261.1,281.52,216.44,61.29
2021-01-20,267.48,283.48,224.34,61.56
2021-01-21,272.87,281.66,224.97,61.21
2021-01-22,274.5,282.21,225.95,60.36
2021-01-25,278.01,293.6,229.53,60.9
2021-01-26,282.05,294.36,232.33,61.8
2021-01-27,272.14,288.05,232.9,62.55
2021-01-28,265.0,278.48,238.93,61.22
2021-01-29,258.33,264.51,231.96,60.43
2021-02-01,262.01,279.94,239.65,61.51
2021-02-02,267.08,290.93,239.51,62.37
2021-02-03,266.65,284.9,243.0,62.17
2021-02-04,266.49,283.33,242.01,63.35
2021-02-05,268.1,284.08,242.2,63.6
2021-02-08,266.58,287.81,242.47,63.11
2021-02-09,269.45,283.15,243.77,63.67
2021-02-10,271.87,268.27,242.82,63.27
2021-02-11,270.39,270.55,244.49,62.7
2021-02-12,270.5,272.04,244.99,63.08
2021-02-16,273.97,265.41,243.7,62.14
2021-02-17,273.57,266.05,244.2,62.09
2021-02-18,269.39,262.46,243.79,62.07
2021-02-19,261.56,260.43,240.97,61.13
2021-02-22,260.33,238.17,234.51,64.45
2021-02-23,265.86,232.95,233.27,64.5
2021-02-24,264.31,247.34,234.55,64.7
2021-02-25,254.69,227.41,228.99,65.3
2021-02-26,257.62,225.17,232.38,64.51
2021-03-01,264.91,239.48,236.94,66.17
2021-03-02,259.0,228.81,233.87,66.66
2021-03-03,255.41,217.73,227.56,66.91
2021-03-04,257.64,207.15,226.73,65.61
2021-03-05,264.28,199.32,231.6,69.97
2021-03-08,255.31,187.67,227.39,72.16
2021-03-09,265.74,224.53,233.78,72.64
2021-03-10,264.9,222.69,232.42,72.12
2021-03-11,273.88,233.2,237.13,67.41
2021-03-12,268.4,231.24,235.75,67.16
2021-03-15,273.75,235.98,234.81,67.73
2021-03-16,279.28,225.63,237.71,66.85
2021-03-17,284.01,233.94,237.04,66.22
2021-03-18,278.62,217.72,230.72,66.74
2021-03-19,290.11,218.29,230.35,66.26
2021-03-22,293.54,223.33,235.99,66.32
2021-03-23,290.63,220.72,237.58,67.27
2021-03-24,282.14,210.09,235.46,66.83
2021-03-25,278.74,213.46,232.34,68.63
2021-03-26,283.02,206.24,236.48,70.25
2021-03-29,290.82,203.76,235.24,71.13
2021-03-30,288.0,211.87,231.85,70.55
2021-03-31,294.53,222.64,235.77,70.17
2021-04-01,298.66,220.58,242.35,71.81
2021-04-05,308.91,230.35,249.07,74.16
2021-04-06,306.26,230.54,247.86,74.28
2021-04-07,313.09,223.66,249.9,74.07
2021-04-08,313.02,227.93,253.25,75.28
2021-04-09,312.46,225.67,255.85,75.58
2021-04-12,311.54,233.99,255.91,76.12
2021-04-13,309.76,254.11,258.49,76.67
2021-04-14,302.82,244.08,255.59,76.82
2021-04-15,307.82,246.28,259.5,78.29
2021-04-16,306.18,246.59,260.74,78.95
2021-04-19,302.24,238.21,258.74,78.75
2021-04-20,302.65,239.66,258.26,79.24
2021-04-21,301.47,248.04,260.58,76.66
2021-04-22,296.52,239.9,257.17,74.87
2021-04-23,301.13,243.13,261.15,74.97
2021-04-26,303.04,246.07,261.55,74.5
2021-04-27,303.57,234.91,261.97,75.22
2021-04-28,307.1,231.47,254.56,74.77
2021-04-29,329.51,225.67,252.51,75.87
2021-04-30,325.08,236.48,252.18,75.79
2021-05-03,322.58,228.3,251.86,77.33
2021-05-04,318.36,224.53,247.79,78.53
2021-05-05,315.02,223.65,246.47,79.19
2021-05-06,320.02,221.18,249.73,79.74
2021-05-07,319.08,224.12,252.46,80.4
2021-05-10,305.97,209.68,247.18,80.15
2021-05-11,306.53,205.73,246.23,77.69
2021-05-12,302.55,196.63,239.0,76.75
2021-05-13,305.26,190.56,243.03,78.14
2021-05-14,315.94,196.58,248.15,78.89
2021-05-17,315.46,192.28,245.18,79.08
2021-05-18,309.96,192.62,243.08,78.69
2021-05-19,313.59,187.82,243.12,78.74
2021-05-20,318.61,195.59,246.48,78.72
2021-05-21,316.23,193.63,245.17,79.03
2021-05-24,324.63,202.15,250.78,79.38
2021-05-25,327.79,201.56,251.72,78.83
2021-05-26,327.66,206.38,251.49,79.26
2021-05-27,332.75,210.28,249.31,78.98
2021-05-28,328.73,208.41,249.68,78.74
2021-06-01,329.13,207.97,247.4,79.57
2021-06-02,329.15,201.71,247.3,80.27
2021-06-03,326.04,190.95,245.71,81.09
2021-06-04,330.35,199.68,250.79,82.89
2021-06-07,336.58,201.71,253.81,83.94
2021-06-08,333.68,201.2,252.57,84.61
2021-06-09,330.25,199.59,253.59,84.52
2021-06-10,332.46,203.37,257.24,82.3
2021-06-11,331.26,203.3,257.89,82.9
2021-06-14,336.77,205.9,259.89,82.62
2021-06-15,336.75,199.79,258.36,81.64
2021-06-16,331.08,201.62,257.38,77.08
2021-06-17,336.51,205.53,260.9,77.56
2021-06-18,329.66,207.77,259.43,76.23
2021-06-21,332.29,206.94,262.63,77.99
2021-06-22,339.03,207.9,265.51,78.68
2021-06-23,340.59,218.86,265.27,78.1
2021-06-24,343.18,226.61,266.69,77.74
2021-06-25,341.37,223.96,265.02,78.46
2021-06-28,355.64,229.57,268.72,78.5
2021-06-29,351.89,226.92,271.4,78.1
2021-06-30,347.71,226.57,270.9,77.84
2021-07-01,354.39,225.97,271.6,79.54
2021-07-02,354.7,226.3,277.65,81.82
2021-07-06,352.78,219.86,277.66,83.08
2021-07-07,350.49,214.88,279.93,86.09
2021-07-08,345.65,217.6,277.42,85.59
2021-07-09,350.42,218.98,277.94,87.76
2021-07-12,353.16,228.57,277.32,87.08
2021-07-13,352.09,222.85,280.98,87.07
2021-07-14,347.63,217.79,282.51,88.28
2021-07-15,344.46,216.87,281.03,86.24
2021-07-16,341.16,214.74,280.75,87.49
2021-07-19,336.95,215.41,277.01,86.98
2021-07-20,341.66,220.17,279.32,88.66
2021-07-21,346.23,218.43,281.4,89.69
2021-07-22,351.19,216.42,286.14,90.69
2021-07-23,369.79,214.46,289.67,87.69
2021-07-26,372.46,219.21,289.05,87.86
2021-07-27,367.81,214.93,286.54,87.8
2021-07-28,373.28,215.66,286.22,87.18
2021-07-29,358.32,225.78,286.5,87.63
2021-07-30,356.3,229.07,284.91,87.14
2021-08-02,351.95,236.56,284.82,87.6
2021-08-03,351.24,236.58,287.12,89.74
2021-08-04,358.92,236.97,286.51,90.05
2021-08-05,362.97,238.21,289.52,89.43
2021-08-06,363.51,233.03,289.46,89.52
2021-08-09,361.61,237.92,288.33,89.9
2021-08-10,361.13,236.66,286.44,89.64
2021-08-11,359.96,235.94,286.95,89.63
2021-08-12,362.65,240.75,289.81,89.81
2021-08-13,363.18,239.06,292.85,90.38
2021-08-16,366.56,228.72,294.6,90.82
2021-08-17,358.45,221.9,293.08,90.95
2021-08-18,355.45,229.66,290.73,88.94
2021-08-19,355.12,224.49,296.77,88.71
2021-08-20,359.37,226.75,304.36,88.94
2021-08-23,363.35,235.43,304.65,89.12
2021-08-24,365.51,236.16,302.62,88.55
2021-08-25,368.39,237.07,302.01,88.62
2021-08-26,364.38,233.72,299.09,88.72
2021-08-27,372.63,237.31,299.72,89.35
2021-08-30,380.66,243.64,303.59,89.45
2021-08-31,379.38,245.24,301.88,89.13
2021-09-01,382.05,244.7,301.83,89.95
2021-09-02,375.28,244.13,301.15,89.8
2021-09-03,376.26,244.52,301.14,90.0
2021-09-07,382.18,250.97,300.18,88.72
2021-09-08,377.57,251.29,300.21,89.47
2021-09-09,378.0,251.62,297.25,89.54
2021-09-10,378.69,245.42,295.71,89.68
2021-09-13,376.51,247.67,296.99,88.89
2021-09-14,376.53,248.16,299.79,86.39
2021-09-15,373.92,251.94,304.82,87.73
2021-09-16,373.06,252.33,305.22,87.25
2021-09-17,364.72,253.16,299.87,86.39
2021-09-20,355.7,243.39,294.3,86.17
2021-09-21,357.48,246.46,294.8,86.92
2021-09-22,343.21,250.65,298.58,88.44
2021-09-23,345.96,251.21,299.56,89.42
2021-09-24,352.96,258.13,299.35,89.94
2021-09-27,353.58,263.79,294.17,91.04
2021-09-28,340.65,259.19,283.52,90.49
2021-09-29,339.61,260.44,284.0,91.25
2021-09-30,339.39,258.49,281.92,87.13
2021-10-01,343.01,258.41,289.1,89.74
2021-10-04,326.23,260.51,283.11,89.26
2021-10-05,332.96,260.2,288.76,91.49
2021-10-06,333.64,260.92,293.11,91.34
2021-10-07,329.22,264.54,294.85,92.31
2021-10-08,330.05,261.83,294.85,94.39
2021-10-11,325.45,263.98,294.23,95.29
2021-10-12,323.77,268.57,292.88,95.57
2021-10-13,324.54,270.36,296.31,96.4
2021-10-14,328.53,272.77,302.75,95.28
2021-10-15,324.76,281.01,304.21,95.33
2021-10-18,335.34,290.04,307.29,96.51
2021-10-19,339.99,288.09,308.23,97.06
2021-10-20,340.78,288.6,307.41,96.64
2021-10-21,341.88,298.0,310.76,96.3
2021-10-22,324.61,303.23,309.16,98.25
2021-10-25,328.69,341.62,308.13,97.89
2021-10-26,315.81,339.48,310.11,96.98
2021-10-27,312.22,345.95,323.17,96.03
2021-10-28,316.92,359.01,324.35,96.23
2021-10-29,323.57,371.33,331.62,95.94
2021-11-01,329.98,402.86,329.37,94.38
2021-11-02,328.08,390.67,333.13,95.87
2021-11-03,331.62,404.62,334.0,96.15
2021-11-04,335.85,409.97,336.44,95.63
2021-11-05,341.13,407.36,336.06,94.95
2021-11-08,338.62,387.65,336.99,95.14
2021-11-09,335.37,341.17,335.95,94.59
2021-11-10,327.64,355.98,330.8,93.83
2021-11-11,327.74,354.5,332.43,94.04
2021-11-12,340.89,344.47,336.72,93.54
2021-11-15,347.56,337.8,336.07,94.02
2021-11-16,342.96,351.58,339.51,95.61
2021-11-17,340.77,363.0,339.12,95.33
2021-11-18,338.69,365.46,341.27,94.66
2021-11-19,345.3,379.02,343.11,93.97
2021-11-22,341.01,385.62,339.83,94.61
2021-11-23,337.25,369.68,337.68,92.94
2021-11-24,341.06,372.0,337.91,93.58
2021-11-26,333.12,360.64,329.68,92.33
2021-11-29,338.03,379.0,336.63,92.94
2021-11-30,324.46,381.59,330.59,90.74
2021-12-01,310.6,365.0,330.08,89.75
2021-12-02,310.39,361.53,329.49,89.99
2021-12-03,306.84,338.32,323.01,88.24
2021-12-06,317.87,336.34,326.19,88.94
2021-12-07,322.81,350.58,334.92,90.05
2021-12-08,330.56,356.32,334.97,88.94
2021-12-09,329.82,334.6,333.1,88.77
2021-12-10,329.75,339.01,342.54,102.63
2021-12-13,334.49,322.14,339.4,100.89
2021-12-14,333.74,319.5,328.34,99.89
2021-12-15,341.66,325.33,334.65,103.65
2021-12-16,334.9,308.97,324.9,103.22
2021-12-17,333.79,310.86,323.8,96.62
2021-12-20,325.45,299.98,319.91,91.64
2021-12-21,334.2,312.84,327.29,91.51
2021-12-22,330.45,336.29,333.2,89.86
2021-12-23,335.24,355.67,334.69,89.72
2021-12-27,346.18,364.65,342.45,89.54
2021-12-28,346.22,362.82,341.25,88.65
2021-12-29,342.94,362.06,341.95,88.21
2021-12-30,344.36,356.78,339.32,88.01
2021-12-31,336.35,352.26,336.32,87.21
2022-01-03,338.54,399.93,334.75,87.9
2022-01-04,336.53,383.2,329.01,88.84
2022-01-05,324.17,362.71,316.38,86.46
2022-01-06,332.46,354.9,313.88,86.34
2022-01-07,331.79,342.32,314.04,87.51
2022-01-10,328.07,352.71,314.27,89.28
2022-01-11,334.37,354.8,314.98,88.48
2022-01-12,333.26,368.74,318.27,88.31
2022-01-13,326.48,343.85,304.8,87.79
2022-01-14,331.9,349.87,310.2,87.69
2022-01-18,318.15,343.5,302.65,85.55
2022-01-19,319.59,331.88,303.33,83.38
2022-01-20,316.56,332.09,301.6,82.72
2022-01-21,303.17,314.63,296.03,82.22
2022-01-24,308.71,310.0,296.37,82.42
2022-01-25,300.15,306.13,288.49,81.07
2022-01-26,294.63,312.47,296.71,79.59
2022-01-27,294.64,276.37,299.84,79.78
2022-01-28,301.71,282.12,308.26,80.48
2022-01-31,313.26,312.24,310.98,81.16
2022-02-01,319.0,310.42,308.76,81.04
2022-02-02,323.0,301.89,313.46,82.5
2022-02-03,237.76,297.05,301.25,81.94
2022-02-04,237.09,307.77,305.94,82.11
2022-02-07,224.91,302.45,300.95,80.74
2022-02-08,220.18,307.33,304.56,80.79
2022-02-09,232.0,310.67,311.21,83.45
2022-02-10,228.07,301.52,302.38,81.85
2022-02-11,219.55,286.67,295.04,79.75
2022-02-14,217.7,291.92,295.0,78.95
2022-02-15,221.0,307.48,300.47,79.77
2022-02-16,216.54,307.8,299.5,79.19
2022-02-17,207.71,292.12,290.73,75.53
2022-02-18,206.16,285.66,287.93,74.57
2022-02-22,202.08,273.84,287.72,74.12
2022-02-23,198.45,254.68,280.27,72.47
2022-02-24,207.6,266.92,294.59,74.81
2022-02-25,210.48,269.96,297.31,76.35
2022-02-28,211.03,290.14,298.79,75.97
2022-03-01,203.49,288.12,294.95,76.01
2022-03-02,208.11,293.3,300.19,78.28
2022-03-03,202.97,279.76,295.92,78.25
2022-03-04,200.06,279.43,289.86,76.49
2022-03-07,187.47,268.19,278.91,74.32
2022-03-08,190.29,274.8,275.85,73.33
2022-03-09,198.5,286.32,288.5,76.1
2022-03-10,195.21,279.43,285.59,76.65
2022-03-11,187.61,265.12,280.07,77.82
2022-03-14,186.63,255.46,276.44,77.07
2022-03-15,192.03,267.3,287.15,80.6
2022-03-16,203.63,280.08,294.39,79.96
2022-03-17,207.84,290.53,295.22,80.6
2022-03-18,216.49,301.8,300.43,81.68
2022-03-21,211.49,307.05,299.16,80.96
2022-03-22,216.65,331.33,304.06,81.8
2022-03-23,213.46,333.04,299.49,80.39
2022-03-24,219.57,337.97,304.1,82.24
2022-03-25,221.82,336.88,303.68,81.73
2022-03-28,223.59,363.95,310.7,83.6
2022-03-29,229.86,366.52,315.41,84.29
2022-03-30,227.85,364.66,313.86,83.36
2022-03-31,222.36,359.2,308.31,82.73
2022-04-01,224.85,361.53,309.42,82.01
2022-04-04,233.89,381.82,314.97,84.07
2022-04-05,231.84,363.75,310.88,82.94
2022-04-06,223.3,348.59,299.5,82.12
2022-04-07,222.95,352.42,301.37,81.54
2022-04-08,222.33,341.83,296.97,80.94
2022-04-11,216.46,325.31,285.26,79.76
2022-04-12,214.14,328.98,282.06,79.33
2022-04-13,214.99,340.79,287.62,79.75
2022-04-14,210.18,328.33,279.83,79.45
2022-04-18,210.77,334.76,280.52,78.22
2022-04-19,217.31,342.72,285.3,79.56
2022-04-20,200.42,325.73,286.36,80.29
2022-04-21,188.07,336.26,280.81,79.48
2022-04-22,184.11,335.02,274.03,76.21
2022-04-25,186.99,332.67,280.72,76.98
2022-04-26,180.95,292.14,270.22,74.51
2022-04-27,174.95,293.84,283.22,74.76
2022-04-28,205.73,292.5,289.63,76.14
2022-04-29,200.47,290.25,277.52,73.4
2022-05-02,211.13,300.98,284.47,74.0
2022-05-03,212.03,303.08,281.78,73.29
2022-05-04,223.41,317.54,289.98,75.21
2022-05-05,208.28,291.09,277.35,72.8
2022-05-06,203.77,288.55,274.73,72.49
2022-05-09,196.21,262.37,264.58,71.54
2022-05-10,197.65,266.68,269.5,72.53
2022-05-11,188.74,244.67,260.55,71.03
2022-05-12,191.24,242.67,255.35,70.73
2022-05-13,198.62,256.53,261.12,71.17
2022-05-16,200.04,241.46,261.5,69.71
2022-05-17,202.62,253.87,266.82,71.88
2022-05-18,192.24,236.6,254.08,68.3
2022-05-19,191.29,236.47,253.14,67.04
2022-05-20,193.54,221.3,252.56,68.63
2022-05-23,196.23,224.97,260.65,70.04
2022-05-24,181.28,209.39,259.62,69.03
2022-05-25,183.83,219.6,262.52,69.83
2022-05-26,191.63,235.91,265.9,71.66
2022-05-27,195.13,253.21,273.24,72.78
2022-05-31,193.64,252.75,271.87,71.92
2022-06-01,188.64,246.79,272.42,71.6
2022-06-02,198.86,258.33,274.58,73.14
2022-06-03,190.78,234.52,270.02,71.79
2022-06-06,194.25,238.28,268.75,72.97
2022-06-07,195.65,238.89,272.5,72.69
2022-06-08,196.64,241.87,270.41,71.38
2022-06-09,184.0,239.71,264.79,69.22
2022-06-10,175.57,232.23,252.99,67.14
2022-06-13,164.26,215.74,242.26,64.05
2022-06-14,163.73,220.89,244.49,70.72
2022-06-15,169.35,233.0,251.76,69.7
2022-06-16,160.87,213.1,244.97,68.71
2022-06-17,163.74,216.76,247.65,67.72
2022-06-21,157.05,237.04,253.74,67.68
2022-06-22,155.85,236.09,253.13,66.53
2022-06-23,158.75,235.07,258.86,67.63
2022-06-24,170.16,245.71,267.7,70.7
2022-06-27,169.49,244.92,264.89,70.41
2022-06-28,160.68,232.66,256.48,68.58
2022-06-29,163.94,228.49,260.26,69.21
2022-06-30,161.25,224.47,256.83,69.87
2022-07-01,160.03,227.26,259.58,70.87
2022-07-05,168.19,233.07,262.85,71.99
2022-07-06,169.77,231.73,266.21,71.66
2022-07-07,172.19,244.54,268.4,71.83
2022-07-08,170.88,250.76,267.66,71.87
2022-07-11,162.88,234.34,264.51,71.57
2022-07-12,163.27,233.07,253.67,70.41
2022-07-13,163.49,237.04,252.72,70.03
2022-07-14,158.05,238.31,254.08,69.45
2022-07-15,164.7,240.07,256.72,70.74
2022-07-18,167.23,240.55,254.25,70.21
2022-07-19,175.78,245.53,259.53,72.24
2022-07-20,183.09,247.5,262.27,72.59
2022-07-21,183.17,271.71,264.84,74.54
2022-07-22,169.27,272.24,260.36,74.9
2022-07-25,166.65,268.43,258.83,74.86
2022-07-26,159.15,258.86,251.9,74.03
2022-07-27,169.58,274.82,268.74,75.87
2022-07-28,160.72,280.9,276.41,77.04
2022-07-29,159.1,297.15,280.74,77.84
2022-08-01,159.93,297.28,278.01,77.44
2022-08-02,160.19,300.59,274.82,76.35
2022-08-03,168.8,307.4,282.47,77.37
2022-08-04,170.57,308.63,283.65,77.4
2022-08-05,167.11,288.17,282.91,77.35
2022-08-08,170.25,290.42,280.32,76.47
2022-08-09,168.53,283.33,282.3,76.77
2022-08-10,178.34,294.36,289.16,77.54
2022-08-11,177.49,286.63,287.02,77.16
2022-08-12,180.5,300.03,291.91,79.15
2022-08-15,180.89,309.32,293.47,79.11
2022-08-16,179.47,306.56,292.71,79.52
2022-08-17,174.85,304.0,291.32,79.25
2022-08-18,174.66,302.87,290.17,79.32
2022-08-19,167.96,296.67,286.15,78.66
2022-08-22,163.05,289.91,277.75,76.46
2022-08-23,161.11,296.45,276.44,76.41
2022-08-24,163.26,297.1,275.79,76.17
2022-08-25,168.78,296.07,278.85,76.89
2022-08-26,161.78,288.09,268.09,74.65
2022-08-29,159.17,284.82,265.23,74.19
2022-08-30,157.16,277.7,262.97,74.14
2022-08-31,162.93,275.61,261.47,74.15
2022-09-01,165.36,277.16,260.4,75.3
2022-09-02,160.32,270.21,256.06,74.68
2022-09-06,158.54,274.42,253.25,73.83
2022-09-07,160.39,283.7,258.09,74.49
2022-09-08,162.06,289.26,258.52,74.65
2022-09-09,169.15,299.68,264.46,75.91
2022-09-12,168.96,304.42,266.65,77.08
2022-09-13,153.13,292.13,251.99,76.04
2022-09-14,151.47,302.61,252.22,72.12
2022-09-15,149.55,303.75,245.38,70.24
2022-09-16,146.29,303.35,244.74,68.83
2022-09-19,148.02,309.07,244.52,69.07
2022-09-20,146.09,308.73,242.45,68.11
2022-09-21,142.12,300.8,238.95,66.75
2022-09-22,142.82,288.59,240.98,66.03
2022-09-23,140.41,275.33,237.92,64.55
2022-09-26,136.37,276.01,237.45,63.45
2022-09-27,134.4,282.94,236.41,62.42
2022-09-28,141.61,287.81,241.07,63.07
2022-09-29,136.41,268.21,237.5,61.4
2022-09-30,135.68,265.25,232.9,61.07
2022-10-03,138.61,242.4,240.74,63.08
2022-10-04,140.28,249.44,248.88,65.69
2022-10-05,138.98,240.81,249.2,66.64
2022-10-06,139.07,238.13,246.79,65.3
2022-10-07,133.45,223.07,234.24,63.29
2022-10-10,133.79,222.96,229.25,62.57
2022-10-11,128.54,216.5,225.41,62.41
2022-10-12,127.5,217.24,225.75,63.78
2022-10-13,130.29,221.72,234.24,65.2
2022-10-14,126.76,204.99,228.56,64.31
2022-10-17,134.04,219.35,237.53,67.02
2022-10-18,132.8,220.19,238.5,67.03
2022-10-19,133.23,222.04,236.48,66.3
2022-10-20,131.53,207.28,236.15,69.25
2022-10-21,130.01,214.44,242.12,72.7
2022-10-24,129.72,211.25,247.25,72.92
2022-10-25,137.51,222.41,250.66,73.14
2022-10-26,129.82,224.64,231.32,74.82
2022-10-27,97.94,225.09,226.75,75.15
2022-10-28,99.2,228.52,235.87,77.36
2022-10-31,93.16,227.54,232.13,78.07
2022-11-01,95.2,227.82,228.17,77.11
2022-11-02,90.54,214.98,220.1,75.12
2022-11-03,88.91,215.31,214.25,75.03
2022-11-04,90.79,207.47,221.39,76.0
2022-11-07,96.72,197.08,227.87,76.74
2022-11-08,96.47,191.3,228.87,75.64
2022-11-09,101.47,177.59,224.51,75.66
2022-11-10,111.87,190.72,242.98,77.17
2022-11-11,113.02,195.97,247.11,77.74
2022-11-14,114.22,190.95,241.55,78.53
2022-11-15,117.08,194.42,241.97,79.18
2022-11-16,113.23,186.92,241.73,79.89
2022-11-17,111.45,183.17,241.68,79.2
2022-11-18,112.05,180.19,241.22,79.73
2022-11-21,109.86,167.87,242.05,79.82
2022-11-22,111.44,169.91,245.03,82.12
2022-11-23,112.24,183.2,247.58,82.56
2022-11-25,111.41,182.86,247.49,82.72
2022-11-28,108.78,182.92,241.76,81.39
2022-11-29,109.46,180.83,240.33,80.85
2022-11-30,118.1,194.7,255.14,83.03
2022-12-01,120.44,194.7,254.69,84.11
2022-12-02,123.49,194.86,255.02,83.35
2022-12-05,122.43,182.45,250.2,79.43
2022-12-06,114.12,179.82,245.12,78.91
2022-12-07,113.93,174.04,244.37,78.78
2022-12-08,115.33,173.44,247.4,80.07
2022-12-09,115.9,179.05,245.42,79.86
2022-12-12,114.71,167.82,252.51,81.28
2022-12-13,120.15,160.95,256.92,80.56
2022-12-14,121.59,156.8,257.22,81.82
2022-12-15,116.15,157.67,249.01,80.07
2022-12-16,119.43,150.23,244.69,79.58
2022-12-19,114.48,149.87,240.45,80.5
2022-12-20,117.09,137.8,241.8,80.94
2022-12-21,119.76,137.57,244.43,81.5
2022-12-22,117.12,125.35,238.19,80.49
2022-12-23,118.04,123.15,238.73,80.85
2022-12-27,116.88,109.1,236.96,80.98
2022-12-28,115.62,112.71,234.53,80.33
2022-12-29,120.26,121.82,241.01,81.4
2022-12-30,120.34,123.18,239.82,81.74
2023-01-03,124.74,108.1,239.58,83.72
2023-01-04,127.37,113.64,229.1,84.48
2023-01-05,126.94,110.34,222.31,84.31
2023-01-06,130.02,113.06,224.93,85.66
2023-01-09,129.47,119.77,227.12,86.42
2023-01-10,132.99,118.85,228.85,86.5
2023-01-11,132.89,123.22,235.77,88.6
2023-01-12,136.71,123.56,238.51,88.78
2023-01-13,136.98,122.4,239.23,89.2
2023-01-17,135.36,131.49,240.35,88.6
2023-01-18,133.02,128.78,235.81,86.71
2023-01-19,136.15,127.17,231.93,85.94
2023-01-20,139.37,133.42,240.22,87.25
2023-01-23,143.27,143.75,242.58,88.97
2023-01-24,143.14,143.89,242.04,89.7
2023-01-25,141.5,144.43,240.61,89.64
2023-01-26,147.3,160.27,248.0,89.83
2023-01-27,151.74,177.9,248.16,88.99
2023-01-30,147.06,166.66,242.71,87.35
2023-01-31,148.97,173.22,247.81,88.46
2023-02-01,153.12,181.41,252.75,90.05
2023-02-02,188.77,188.27,264.6,89.38
2023-02-03,186.53,189.98,258.35,89.62
2023-02-06,186.06,194.76,256.77,88.53
2023-02-07,191.62,196.81,267.56,87.74
2023-02-08,183.43,201.29,266.73,86.69
2023-02-09,177.92,207.32,263.62,86.65
2023-02-10,174.15,196.89,263.1,87.14
2023-02-13,179.43,194.64,271.32,89.42
2023-02-14,179.48,209.25,272.17,89.09
2023-02-15,177.16,214.24,269.32,88.34
2023-02-16,172.44,202.04,262.15,87.72
2023-02-17,172.88,208.31,258.06,87.28
2023-02-21,172.08,197.37,252.67,86.2
2023-02-22,171.12,200.86,251.51,86.32
2023-02-23,172.04,202.07,254.77,88.58
2023-02-24,170.39,196.88,249.22,88.66
2023-02-27,169.54,207.63,250.16,87.96
2023-02-28,174.94,205.71,249.42,87.4
2023-03-01,173.42,202.77,246.27,86.34
2023-03-02,174.53,190.9,251.11,86.97
2023-03-03,185.25,197.79,255.29,89.25
2023-03-06,184.9,193.81,256.87,89.74
2023-03-07,184.51,187.71,254.15,88.36
2023-03-08,184.97,182.0,253.7,88.49
2023-03-09,181.69,172.92,252.32,86.87
2023-03-10,179.51,173.44,248.59,84.07
2023-03-13,180.9,174.48,253.92,84.93
2023-03-14,194.02,183.26,260.79,84.56
2023-03-15,197.75,180.45,265.44,82.98
2023-03-16,204.93,184.13,276.2,84.82
2023-03-17,195.61,180.13,279.43,85.26
2023-03-20,197.81,183.25,272.23,86.96
2023-03-21,202.16,197.58,273.78,87.58
2023-03-22,199.81,191.15,272.29,87.9
2023-03-23,204.28,192.22,277.66,87.78
2023-03-24,206.01,190.41,280.57,88.01
2023-03-27,202.84,191.81,276.38,90.14
2023-03-28,200.68,189.19,275.23,89.85
2023-03-29,205.35,193.88,280.51,90.62
2023-03-30,207.84,195.28,284.05,90.51
2023-03-31,211.94,207.46,288.3,92.92
2023-04-03,213.07,194.77,287.23,93.92
2023-04-04,214.72,192.58,287.18,94.0
2023-04-05,211.48,185.52,284.34,94.89
2023-04-06,216.1,185.06,291.6,95.92
2023-04-10,214.75,184.51,289.39,93.76
2023-04-11,213.85,186.79,282.83,93.97
2023-04-12,214.0,180.54,283.49,93.9
2023-04-13,220.35,185.9,289.84,95.55
2023-04-14,221.49,185.0,286.14,95.71
2023-04-17,218.86,187.04,288.8,95.59
2023-04-18,217.89,184.31,288.37,96.47
2023-04-19,215.7,180.59,288.45,95.81
2023-04-20,213.07,162.99,286.11,94.83
2023-04-21,212.89,165.08,285.76,95.15
2023-04-24,212.79,162.55,281.77,95.44
2023-04-25,207.55,160.67,275.42,94.06
2023-04-26,209.4,153.75,295.37,93.71
2023-04-27,238.56,160.19,304.83,95.04
2023-04-28,240.32,164.31,307.26,94.72
2023-05-01,243.18,161.83,305.56,94.87
2023-05-02,239.24,160.31,305.41,94.8
2023-05-03,237.03,160.61,304.4,94.78
2023-05-04,233.52,161.2,305.41,94.97
2023-05-05,232.78,170.06,310.65,96.97
2023-05-08,233.27,171.79,308.65,96.79
2023-05-09,233.37,169.15,307.0,96.14
2023-05-10,233.08,168.54,312.31,97.52
2023-05-11,235.79,172.08,310.11,97.44
2023-05-12,233.81,167.98,308.97,97.85
2023-05-15,238.86,166.35,309.46,97.26
2023-05-16,238.82,166.52,311.74,98.25
2023-05-17,242.49,173.86,314.0,99.77
2023-05-18,246.85,176.89,318.52,102.34
2023-05-19,245.64,180.14,318.34,102.84
2023-05-22,248.32,188.87,321.18,101.77
2023-05-23,246.74,185.77,315.26,98.54
2023-05-24,249.21,182.9,313.85,98.32
2023-05-25,252.69,184.47,325.92,104.29
2023-05-26,262.04,193.17,332.89,104.08
2023-05-30,262.52,201.16,331.21,105.15
2023-05-31,264.72,203.93,328.39,105.94
2023-06-01,272.61,207.52,332.58,105.99
2023-06-02,272.61,213.97,335.4,105.89
2023-06-05,271.39,217.61,335.94,106.93
2023-06-06,271.12,221.31,333.68,107.1
2023-06-07,263.6,224.57,323.38,105.25
2023-06-08,264.58,234.86,325.26,107.48
2023-06-09,264.95,244.4,326.79,109.85
2023-06-12,271.05,249.83,331.85,116.43
2023-06-13,271.32,258.71,334.29,116.68
2023-06-14,273.35,256.79,337.34,122.27
2023-06-15,281.83,255.9,348.1,126.55
2023-06-16,281.0,260.54,342.33,125.46
2023-06-20,284.33,274.45,338.05,122.04
2023-06-21,281.64,259.46,333.56,122.1
2023-06-22,284.88,264.61,339.71,120.58
2023-06-23,288.73,256.6,335.02,118.64
2023-06-26,278.47,241.05,328.6,116.78
2023-06-27,287.05,250.21,334.57,117.84
2023-06-28,285.29,256.24,335.85,116.53
2023-06-29,281.53,257.5,335.05,117.78
2023-06-30,286.98,261.77,340.54,119.09
2023-07-03,286.02,279.82,337.99,117.15
2023-07-05,294.37,282.48,338.15,115.96
2023-07-06,291.99,276.54,341.27,115.45
2023-07-07,290.53,274.43,337.22,114.61
2023-07-10,294.1,269.61,331.83,114.38
2023-07-11,298.29,269.79,332.47,114.88
2023-07-12,309.34,271.99,337.2,116.02
2023-07-13,313.41,277.9,342.66,117.45
2023-07-14,308.87,281.38,345.24,119.27
2023-07-17,310.62,290.38,345.73,118.89
2023-07-18,312.05,293.34,359.49,120.77
2023-07-19,316.01,291.26,355.08,118.69
2023-07-20,302.52,262.9,346.87,115.88
2023-07-21,294.26,260.02,343.77,117.65
2023-07-24,291.61,269.06,345.11,118.07
2023-07-25,294.47,265.28,350.98,117.95
2023-07-26,298.57,264.35,337.77,115.5
2023-07-27,311.71,255.71,330.72,116.4
2023-07-28,325.48,266.44,338.37,115.99
2023-07-31,318.6,267.43,335.92,117.23
2023-08-01,322.71,261.07,336.34,117.91
2023-08-02,314.31,254.11,327.5,115.71
2023-08-03,313.19,259.32,326.66,114.55
2023-08-04,310.73,253.86,327.78,114.44
2023-08-07,316.56,251.45,330.11,116.1
2023-08-08,312.64,249.7,326.05,115.23
2023-08-09,305.21,242.19,322.23,113.1
2023-08-10,305.74,245.34,322.93,112.99
2023-08-11,301.64,242.65,321.01,113.06
2023-08-14,306.19,239.76,324.04,115.57
2023-08-15,301.95,232.96,321.86,117.29
2023-08-16,294.29,225.6,320.4,115.34
2023-08-17,285.09,219.22,316.88,114.88
2023-08-18,283.25,215.49,316.48,116.46
2023-08-21,289.9,231.28,321.88,116.59
2023-08-22,287.6,233.19,322.46,116.54
2023-08-23,294.24,236.86,327.0,117.84
2023-08-24,286.75,230.04,319.97,112.91
2023-08-25,285.5,238.59,322.98,116.06
2023-08-28,290.26,238.82,323.7,116.84
2023-08-29,297.99,257.18,328.41,120.65
2023-08-30,295.1,256.9,328.79,121.12
2023-08-31,295.89,258.08,327.76,120.39
2023-09-01,296.38,245.01,328.66,120.93
2023-09-05,300.15,256.49,333.55,123.98
2023-09-06,299.17,251.92,332.88,124.33
2023-09-07,298.67,251.49,329.91,125.09
2023-09-08,297.89,248.5,334.27,126.32
2023-09-11,307.56,273.58,337.94,126.71
2023-09-12,301.66,267.48,331.77,109.61
2023-09-13,305.06,271.3,336.06,111.84
2023-09-14,311.72,276.04,338.7,113.66
2023-09-15,300.31,274.39,330.22,113.91
2023-09-18,302.55,265.28,329.06,112.21
2023-09-19,305.07,266.5,328.65,112.77
2023-09-20,299.67,262.59,320.77,112.87
2023-09-21,295.73,255.7,319.53,109.43
2023-09-22,299.08,244.88,317.01,109.03
2023-09-25,300.83,246.99,317.54,108.3
2023-09-26,298.96,244.12,312.14,104.88
2023-09-27,297.74,240.5,312.79,104.62
2023-09-28,303.96,246.38,313.64,106.15
2023-09-29,300.21,250.22,315.75,105.92
2023-10-02,306.82,251.6,321.8,106.71
2023-10-03,300.94,246.53,313.39,104.52
2023-10-04,305.58,261.16,318.95,107.08
2023-10-05,304.79,260.05,319.36,108.35
2023-10-06,315.43,260.53,327.26,109.96
2023-10-09,318.36,259.67,329.82,110.32
2023-10-10,321.84,263.62,328.39,109.71
2023-10-11,327.82,262.99,332.42,109.64
2023-10-12,324.16,258.87,331.16,109.11
2023-10-13,314.69,251.12,327.73,108.25
2023-10-16,321.15,253.92,332.64,108.71
2023-10-17,324.0,254.85,332.06,109.04
2023-10-18,316.97,242.68,330.11,108.25
2023-10-19,312.81,220.11,331.32,108.34
2023-10-20,308.65,211.99,326.67,101.85
2023-10-23,314.01,212.08,329.32,103.66
2023-10-24,312.55,216.52,330.53,103.2
2023-10-25,299.53,212.42,340.67,101.43
2023-10-26,288.35,205.76,327.89,100.4
2023-10-27,296.73,207.3,329.81,100.99
2023-10-30,302.66,197.36,337.31,101.65
2023-10-31,301.27,200.84,338.11,103.4
2023-11-01,311.85,205.66,346.07,105.75
2023-11-02,310.87,218.51,348.32,106.87
2023-11-03,314.6,219.96,352.8,108.05
2023-11-06,315.8,219.27,356.53,109.11
2023-11-07,318.82,222.18,360.53,108.99
2023-11-08,319.78,222.11,363.2,112.33
2023-11-09,320.55,209.98,360.69,112.18
2023-11-10,328.77,214.65,369.67,113.07
2023-11-13,329.19,223.71,366.68,114.15
2023-11-14,336.31,237.41,370.27,116.1
2023-11-15,332.71,242.84,369.67,114.06
2023-11-16,334.19,233.59,376.17,114.67
2023-11-17,335.04,234.3,369.85,115.36
2023-11-20,339.97,235.6,377.44,116.92
2023-11-21,336.98,241.2,373.07,116.08
2023-11-22,341.49,234.21,377.85,116.24
2023-11-24,338.23,235.45,377.43,116.25
2023-11-27,334.7,236.08,378.61,116.47
2023-11-28,338.99,246.72,382.7,116.24
2023-11-29,332.2,244.14,378.85,116.21
2023-11-30,327.15,240.08,378.91,116.21
2023-12-01,324.82,238.83,374.51,117.16
2023-12-04,320.02,235.58,369.14,115.78
2023-12-05,318.29,238.72,372.52,114.53
2023-12-06,317.45,239.37,368.8,112.03
2023-12-07,326.59,242.64,370.95,112.87
2023-12-08,332.75,243.84,374.23,113.61
2023-12-11,325.28,239.74,371.3,115.13
2023-12-12,334.22,237.01,374.38,100.81
2023-12-13,334.74,239.29,374.37,102.99
2023-12-14,333.17,251.05,365.93,100.31
2023-12-15,334.92,253.5,370.73,103.32
2023-12-18,344.62,252.08,372.65,105.0
2023-12-19,350.36,257.22,373.26,106.25
2023-12-20,349.28,247.14,370.62,104.15
2023-12-21,354.09,254.5,373.54,105.86
2023-12-22,353.39,252.54,374.58,106.2
2023-12-26,354.83,256.61,374.66,106.19
2023-12-27,357.83,261.44,374.07,105.94
2023-12-28,358.32,253.18,375.28,106.25
2023-12-29,353.96,248.48,376.04,105.43
2024-01-02,346.29,248.42,370.87,104.06
2024-01-03,344.47,238.45,370.6,102.46
2024-01-04,347.12,237.93,367.94,102.59
2024-01-05,351.95,237.49,367.75,102.73
2024-01-08,358.66,240.45,374.69,104.66
2024-01-09,357.43,234.96,375.79,103.63
2024-01-10,370.47,233.94,382.77,103.92
2024-01-11,369.67,227.22,384.63,104.77
2024-01-12,374.49,218.89,388.47,106.6
2024-01-16,367.46,219.91,390.27,106.57
2024-01-17,368.37,215.55,389.47,106.43
2024-01-18,376.13,211.88,393.87,108.7
2024-01-19,383.45,212.19,398.67,109.67
2024-01-22,381.78,208.8,396.51,110.1
2024-01-23,385.2,209.14,398.9,111.83
2024-01-24,390.7,207.83,402.56,114.31
2024-01-25,393.18,182.63,404.87,115.0
2024-01-26,394.14,183.25,403.93,114.64
2024-01-29,401.02,190.93,409.72,113.75
2024-01-30,400.06,191.59,408.59,114.16
2024-01-31,390.14,187.29,397.58,111.7
2024-02-01,394.78,188.86,403.78,115.53
2024-02-02,474.99,187.91,411.22,115.79
2024-02-05,459.41,181.06,405.65,116.39
2024-02-06,454.72,185.1,405.49,115.3
2024-02-07,469.59,187.58,414.05,117.27
2024-02-08,470.0,189.56,414.11,116.68
2024-02-09,468.11,193.57,420.55,116.64
2024-02-12,468.9,188.13,415.26,115.84
2024-02-13,460.12,184.02,406.32,113.68
2024-02-14,473.28,188.71,409.49,114.26
2024-02-15,484.03,200.45,406.56,112.78
2024-02-16,473.32,199.95,404.06,111.31
2024-02-20,471.75,193.76,402.79,108.45
2024-02-21,468.03,194.77,402.18,108.16
2024-02-22,486.13,197.41,411.65,111.01
2024-02-23,484.03,191.97,410.34,111.95
2024-02-26,481.74,199.4,407.54,110.97
2024-02-27,487.05,199.73,407.48,111.38
2024-02-28,484.02,202.04,407.72,111.68
2024-02-29,490.13,201.88,413.64,111.68
2024-03-01,502.3,202.64,415.5,113.78
2024-03-04,498.19,188.14,414.92,114.06
2024-03-05,490.22,180.74,402.65,110.94
2024-03-06,496.09,176.54,402.09,112.27
2024-03-07,512.19,178.65,409.14,114.54
2024-03-08,505.95,175.34,406.22,112.42
2024-03-11,483.59,177.77,404.52,114.13
2024-03-12,499.75,177.54,415.28,127.54
2024-03-13,495.57,169.48,415.1,125.52
2024-03-14,491.83,162.5,425.22,125.53
2024-03-15,484.1,163.57,416.42,125.54
2024-03-18,496.98,173.8,417.32,127.8
2024-03-19,496.24,171.32,421.41,129.19
2024-03-20,505.52,175.66,425.23,129.24
2024-03-21,507.76,172.82,429.37,129.01
2024-03-22,509.58,170.83,428.74,127.79
2024-03-25,503.02,172.63,422.86,126.08
2024-03-26,495.89,177.67,421.65,126.47
2024-03-27,493.86,179.83,421.43,125.27
2024-03-28,485.58,175.79,420.72,125.61
2024-04-01,491.35,175.22,424.57,125.48
2024-04-02,497.37,166.63,421.44,124.34
2024-04-03,506.74,168.38,420.45,126.24
2024-04-04,510.92,171.11,417.88,124.19
2024-04-05,527.34,164.9,425.52,124.9
2024-04-08,519.25,172.98,424.59,124.35
2024-04-09,516.9,176.88,426.28,123.23
2024-04-10,519.83,171.76,423.26,121.75
2024-04-11,523.16,174.6,427.93,123.24
2024-04-12,511.9,171.05,421.9,121.11
2024-04-15,500.23,161.48,413.64,119.88
2024-04-16,499.76,157.11,414.58,120.62
2024-04-17,494.17,155.45,411.84,118.67
2024-04-18,501.8,149.93,404.27,116.0
2024-04-19,481.07,147.05,399.12,114.88
2024-04-22,481.73,142.05,400.96,114.53
2024-04-23,496.1,144.68,407.57,115.09
2024-04-24,493.5,162.13,409.06,115.34
2024-04-25,441.38,170.18,399.04,114.89
2024-04-26,443.29,168.29,406.32,117.21
2024-04-29,432.62,194.05,402.25,116.49
2024-04-30,430.17,183.28,389.33,113.75
2024-05-01,439.19,179.99,394.94,114.63
2024-05-02,441.68,180.01,397.84,114.96
2024-05-03,451.96,181.19,406.66,115.8
2024-05-06,465.68,184.76,413.54,118.34
2024-05-07,468.24,177.81,409.34,117.93
2024-05-08,472.6,174.72,410.54,117.39
2024-05-09,475.42,171.97,412.32,116.64
2024-05-10,476.2,168.47,414.74,116.67
2024-05-13,468.01,171.89,413.72,116.37
2024-05-14,471.85,177.55,416.56,120.87
2024-05-15,481.54,173.99,423.08,121.63
2024-05-16,473.23,174.84,420.99,122.16
2024-05-17,471.91,177.46,420.21,123.5
2024-05-20,468.84,174.95,425.34,124.52
2024-05-21,464.63,186.6,429.04,124.63
2024-05-22,467.78,180.11,430.52,124.6
2024-05-23,465.78,173.74,427.0,124.09
2024-05-24,478.22,179.24,430.16,122.91
2024-05-28,479.92,176.75,430.32,124.49
2024-05-29,474.36,176.19,429.17,123.74
2024-05-30,467.05,178.79,414.67,117.09
2024-05-31,466.83,178.08,415.13,117.19
2024-06-03,477.49,176.29,413.52,119.28
2024-06-04,476.99,174.77,416.07,120.07
2024-06-05,495.06,175.0,424.01,122.63
2024-06-06,493.76,177.94,424.52,123.5
2024-06-07,492.96,177.48,423.85,125.92
2024-06-10,502.6,173.79,427.87,124.5
2024-06-11,507.47,170.66,432.68,123.88
2024-06-12,508.84,177.29,441.06,140.38
2024-06-13,504.1,182.47,441.58,139.85
2024-06-14,504.16,178.01,442.57,138.13
2024-06-17,506.63,187.44,448.37,141.31
2024-06-18,499.49,184.86,446.34,144.64
2024-06-20,501.7,181.57,445.7,142.91
2024-06-21,494.78,183.01,449.78,141.5
2024-06-24,498.91,182.58,447.67,139.89
2024-06-25,510.6,187.35,450.95,139.17
2024-06-26,513.12,196.37,452.16,138.23
2024-06-27,519.56,197.42,452.85,140.18
2024-06-28,504.22,197.88,446.95,141.2
2024-07-01,504.68,209.86,456.73,143.09
2024-07-02,509.5,231.26,459.28,143.28
2024-07-03,509.96,246.39,460.77,144.38
2024-07-05,539.91,251.52,467.56,144.83
2024-07-08,529.32,252.94,466.24,145.03
2024-07-09,530.0,262.33,459.54,140.68
2024-07-10,534.69,263.26,466.25,142.07
2024-07-11,512.7,241.03,454.7,142.76
2024-07-12,498.87,248.23,453.55,144.77
2024-07-15,496.16,252.64,453.96,143.07
2024-07-16,489.79,256.56,449.52,142.61
2024-07-17,461.99,248.5,443.52,139.26
2024-07-18,475.85,249.23,440.37,138.03
2024-07-19,476.79,239.2,437.11,138.56
2024-07-22,487.4,251.51,442.94,140.17
2024-07-23,488.69,246.38,444.85,143.11
2024-07-24,461.27,215.99,428.9,138.77
2024-07-25,453.41,220.25,418.4,137.82
2024-07-26,465.7,219.8,425.27,139.01
2024-07-29,465.71,232.1,426.73,138.31
2024-07-30,463.19,222.62,422.92,135.67
2024-07-31,474.83,232.07,418.35,139.45
2024-08-01,497.74,216.86,417.11,137.51
2024-08-02,488.14,207.67,408.49,133.28
2024-08-05,475.73,198.88,395.15,127.86
2024-08-06,494.09,200.64,399.61,128.21
2024-08-07,488.92,191.76,398.43,125.9
2024-08-08,509.63,198.84,402.69,128.96
2024-08-09,517.77,200.0,406.02,132.06
2024-08-12,515.95,197.49,406.81,132.58
2024-08-13,528.54,207.83,414.01,134.26
2024-08-14,526.76,201.38,416.86,135.6
2024-08-15,537.33,214.14,421.03,136.93
2024-08-16,527.42,216.12,418.47,137.47
2024-08-19,529.28,222.72,421.53,137.92
2024-08-20,526.73,221.1,424.8,139.17
2024-08-21,535.16,223.27,424.14,140.2
2024-08-22,531.93,210.66,415.55,138.08
2024-08-23,528.0,220.32,416.79,139.19
2024-08-26,521.12,213.21,413.49,138.9
2024-08-27,519.1,209.21,413.84,138.48
2024-08-28,516.78,205.75,410.6,137.88
2024-08-29,518.22,206.28,413.12,139.42
2024-08-30,521.31,214.11,417.14,141.29
2024-09-03,511.76,210.6,409.44,139.5
2024-09-04,512.74,219.41,408.9,140.75
2024-09-05,516.86,230.17,408.39,142.61
2024-09-06,500.27,210.73,401.7,141.81
2024-09-09,504.79,216.27,405.72,139.89
2024-09-10,504.79,226.17,414.2,155.89
2024-09-11,511.83,228.13,423.04,157.18
2024-09-12,525.6,229.81,427.0,161.38
2024-09-13,524.62,230.29,430.59,162.03
2024-09-16,533.28,226.78,431.34,170.33
2024-09-17,536.32,227.87,435.15,167.47
2024-09-18,537.95,227.2,430.81,164.53
2024-09-19,559.1,243.92,438.69,167.59
2024-09-20,561.35,238.25,435.27,168.0
2024-09-23,564.41,250.0,433.51,165.95
2024-09-24,563.33,254.27,429.17,165.8
2024-09-25,568.31,257.02,432.11,166.28
2024-09-26,567.84,254.22,431.31,168.1
2024-09-27,567.36,260.46,428.02,168.74
2024-09-30,572.44,261.63,430.3,170.4
2024-10-01,576.47,258.02,420.69,167.16
2024-10-02,572.81,249.02,417.13,167.71
2024-10-03,582.77,240.66,416.54,166.86
2024-10-04,595.94,250.08,416.06,170.86
2024-10-07,584.78,240.83,409.54,169.97
2024-10-08,592.89,244.5,414.71,174.37
2024-10-09,590.51,241.05,417.46,178.29
2024-10-10,583.83,238.77,415.84,175.41
2024-10-11,589.95,217.8,416.32,175.77
2024-10-14,590.42,219.16,419.14,176.12
2024-10-15,586.27,219.57,418.74,174.09
2024-10-16,576.79,221.33,416.12,174.77
2024-10-17,576.93,220.89,416.72,175.68
2024-10-18,576.47,220.7,418.16,174.69
2024-10-21,575.16,218.85,418.78,173.76
2024-10-22,582.01,217.97,427.51,175.31
2024-10-23,563.69,213.65,424.6,173.1
2024-10-24,567.78,260.48,424.73,174.38
2024-10-25,573.25,269.19,428.15,173.52
2024-10-28,578.16,262.51,426.59,172.42
2024-10-29,593.28,259.52,431.95,173.43
2024-10-30,591.8,257.55,432.53,174.56
2024-10-31,567.58,249.85,406.35,167.84
2024-11-01,567.16,248.98,410.37,170.02
2024-11-04,560.68,242.84,408.46,169.59
2024-11-05,572.43,251.44,411.46,171.78
2024-11-06,572.05,288.53,420.18,181.24
2024-11-07,591.7,296.91,425.43,186.37
2024-11-08,589.34,321.22,422.54,189.25
2024-11-11,583.17,350.0,418.01,189.13
2024-11-12,584.82,328.49,423.03,189.58
2024-11-13,580.0,330.24,425.2,189.63
2024-11-14,577.16,311.18,426.89,187.05
2024-11-15,554.08,320.72,415.0,183.74
2024-11-18,554.4,338.74,415.76,185.73
2024-11-19,561.09,346.0,417.79,188.9
2024-11-20,565.52,342.03,415.49,190.75
2024-11-21,563.09,339.64,412.87,192.43
2024-11-22,559.14,352.56,417.0,192.29
2024-11-25,565.11,338.59,418.79,187.99
2024-11-26,573.54,338.23,427.99,190.37
2024-11-27,569.2,332.89,422.99,182.7
2024-11-29,574.32,345.16,423.46,184.84
2024-12-02,592.83,357.09,430.98,181.41
2024-12-03,613.65,351.42,431.2,182.89
2024-12-04,613.78,357.93,437.42,188.19
2024-12-05,608.93,369.49,442.62,186.24
2024-12-06,623.77,389.22,443.57,191.69
2024-12-09,613.57,389.79,446.02,190.45
2024-12-10,619.32,400.99,443.33,177.74
2024-12-11,632.68,424.77,448.99,178.58
2024-12-12,630.79,418.1,449.56,175.32
2024-12-13,620.35,436.23,447.27,173.39
2024-12-16,624.24,463.02,451.59,171.23
2024-12-17,619.44,479.86,454.46,169.71
2024-12-18,597.19,440.13,437.39,165.41
2024-12-19,595.57,436.17,437.03,168.79
2024-12-20,585.25,421.06,436.6,169.66
2024-12-23,599.85,430.6,435.25,169.14
2024-12-24,607.75,462.28,439.33,171.41
2024-12-26,603.35,454.13,438.11,171.68
2024-12-27,599.81,431.66,430.53,168.96
2024-12-30,591.24,417.41,424.83,166.91
2024-12-31,585.51,403.84,421.5,166.64
2025-01-02,599.24,379.28,418.58,166.03
2025-01-03,604.63,410.44,423.35,166.32
2025-01-06,630.2,411.05,427.85,165.69
2025-01-07,617.89,394.36,422.37,162.03
2025-01-08,610.72,394.94,424.56,163.14
2025-01-10,615.86,394.74,418.95,154.5
2025-01-13,608.33,403.31,417.19,153.92
2025-01-14,594.25,396.36,415.67,156.31
2025-01-15,617.12,428.22,426.31,158.31
2025-01-16,611.3,413.82,424.58,159.54
2025-01-17,612.77,426.5,429.03,161.03
2025-01-21,616.46,424.07,428.5,172.57
2025-01-22,623.5,415.11,446.2,184.22
2025-01-23,636.45,412.38,446.71,186.47
2025-01-24,647.49,406.58,444.06,183.6
2025-01-27,659.88,397.15,434.56,158.28
2025-01-28,674.33,398.09,447.2,164.0
2025-01-29,676.49,389.1,442.33,162.02
2025-01-30,687.0,400.28,414.99,170.38
2025-01-31,689.18,404.6,415.06,170.06
2025-02-03,697.46,383.68,410.92,168.6
2025-02-04,704.19,392.21,412.37,167.89
2025-02-05,704.87,378.17,413.29,171.66
2025-02-06,711.99,374.32,415.82,172.35
2025-02-07,714.52,361.62,409.75,174.46
2025-02-10,717.4,350.73,412.22,178.92
2025-02-11,719.8,328.5,411.44,177.19
2025-02-12,725.38,336.51,409.04,172.22
2025-02-13,728.56,355.94,410.54,173.86
2025-02-14,736.67,355.84,408.43,174.16
2025-02-18,716.37,354.11,409.64,179.8
2025-02-19,703.77,360.56,414.77,181.52
2025-02-20,694.84,354.4,416.13,176.0
2025-02-21,683.55,337.8,408.21,167.81
2025-02-24,668.13,330.53,404.0,169.96
2025-02-25,657.5,302.8,397.9,168.54
2025-02-26,673.7,290.8,399.73,172.47
2025-02-27,658.24,281.95,392.53,164.76
2025-02-28,668.2,292.98,396.99,166.06
2025-03-03,655.05,284.65,388.49,162.02
2025-03-04,640.0,272.04,388.61,157.47
2025-03-05,656.47,279.1,401.02,161.56
2025-03-06,627.93,263.45,396.89,150.94
2025-03-07,625.66,262.67,393.31,155.16
2025-03-10,597.99,222.15,380.16,148.79
2025-03-11,605.71,230.58,380.45,144.18
2025-03-12,619.56,248.09,383.27,150.89
2025-03-13,590.64,240.68,378.77,147.66
2025-03-14,607.6,249.98,388.56,149.27
2025-03-17,604.9,238.01,388.7,154.01
2025-03-18,582.36,225.31,383.52,149.45
2025-03-19,584.06,235.86,387.82,152.45
2025-03-20,586.0,236.26,386.84,152.72
2025-03-21,596.25,248.71,391.26,152.23
2025-03-24,618.85,278.39,393.08,154.87
2025-03-25,626.31,288.14,395.16,153.93
2025-03-26,610.98,272.06,389.97,147.8
2025-03-27,602.58,273.13,390.58,145.78
2025-03-28,576.74,263.55,378.8,140.87
2025-03-31,576.36,259.16,375.39,139.81
2025-04-01,586.0,268.46,382.19,141.94
2025-04-02,583.93,282.76,382.14,145.86
2025-04-03,531.62,267.28,373.11,137.23
2025-04-04,504.73,239.43,359.84,128.27
2025-04-07,516.25,233.29,357.86,127.16
2025-04-08,510.45,221.86,354.56,124.5
2025-04-09,585.77,272.2,390.49,139.69
2025-04-10,546.29,252.4,381.35,133.35
2025-04-11,543.57,252.31,388.45,132.35
2025-04-14,531.48,252.35,387.81,134.64
2025-04-15,521.52,254.11,385.73,133.94
2025-04-16,502.31,241.55,371.61,129.76
2025-04-17,501.48,241.37,367.78,128.62
2025-04-21,484.66,227.5,359.12,122.82
2025-04-22,500.28,237.97,366.82,127.24
2025-04-23,520.27,250.74,374.39,131.4
2025-04-24,533.15,259.51,387.3,137.51
2025-04-25,547.27,284.95,391.85,138.49
2025-04-28,549.74,285.88,391.16,140.14
2025-04-29,554.44,292.03,394.04,140.79
2025-04-30,549.0,282.16,395.26,140.72
2025-05-01,572.21,280.52,425.4,145.49
2025-05-02,597.02,287.21,435.28,150.73
2025-05-05,599.27,280.26,436.17,149.29
2025-05-06,587.31,275.35,433.31,147.7
2025-05-07,596.81,276.22,433.35,149.37
2025-05-08,598.01,284.82,438.17,150.3
2025-05-09,592.49,298.26,438.73,150.34
2025-05-12,639.43,318.38,449.26,157.22
2025-05-13,656.03,334.07,449.14,162.27
2025-05-14,659.36,347.68,452.94,162.95
2025-05-15,643.88,342.82,453.13,159.4
2025-05-16,640.34,349.98,454.27,160.49
2025-05-19,640.43,342.09,458.87,159.64
2025-05-20,637.1,343.82,458.17,160.31
2025-05-21,635.5,334.62,452.57,157.18
2025-05-22,636.57,341.04,454.86,157.31
2025-05-23,627.06,339.34,450.18,155.97
2025-05-27,642.32,362.89,460.69,161.91
2025-05-28,643.58,356.9,457.36,163.85
2025-05-29,645.05,358.43,458.68,162.9
2025-05-30,647.49,346.46,460.36,165.53
2025-06-02,670.9,342.69,461.97,166.57
2025-06-03,666.85,344.27,462.97,169.14
2025-06-04,687.95,332.05,463.87,168.1
2025-06-05,684.62,284.7,467.68,171.14
2025-06-06,697.71,295.14,470.38,174.02
2025-06-09,694.06,308.58,472.75,177.15
2025-06-10,702.4,326.09,470.92,177.48
2025-06-11,694.14,326.43,472.62,176.38
